Date,Open,High,Low,Close,Volume,Returns,Returns_VIX,Returns_SP500,Returns_Nasdaq,ES,MS,IV,MF,SF,MFCST,EFCST
2018-01-02,4.074267571361274,4.126059472797452,4.039739911471937,4.108795642852783,11234500,2.1459401975617354,-11.503618736210486,0.8303361477520088,1.4994048369718627,1,1,-2,1,1,0,1
2018-01-03,4.134691828576984,4.169219493865967,4.1260601180558565,4.169219493865967,9007200,1.4705976219160588,-6.345965303826762,0.6398818768781567,0.8367449746625955,1,1,-2,1,1,0,1
2018-01-04,4.212379450935423,4.238274995144006,4.195115617595616,4.221011161804199,9894300,1.2422389373941911,0.7650344417148736,0.40286360805039667,0.17522212021183758,1,0,1,0,0,0,1
2018-01-05,4.203747443856522,4.246907234191895,4.17785189893711,4.246907234191895,14412000,0.613504001648435,0.0,0.7033767443369587,0.8286330434974509,1,1,0,1,1,0,1
2018-01-08,4.203745905505855,4.221009733001894,4.195114197558891,4.212378025054932,10336900,-0.8130436393563922,3.253798069916325,0.16623439316436617,0.2918784113631334,-1,0,2,0,0,0,1
2018-01-09,4.221010270556438,4.238274100251063,4.203746440861813,4.229642391204834,8068000,0.4098484525181467,5.882347048478298,0.13029315960912946,0.08648321927422487,0,0,2,0,0,0,1
2018-01-10,4.169218600558893,4.19511454977822,4.134690942667891,4.1864824295043945,16296900,-1.0204163309453063,-2.5793673695410413,-0.11122268282528491,-0.13973814485326308,-1,0,-2,0,0,0,1
2018-01-11,4.160587787628174,4.169219498158188,4.1433239549659096,4.160587787628174,9882300,-0.6185298114170346,0.6110022554106864,0.7033646478779465,0.81371905730796,-1,1,1,1,1,0,1
2018-01-12,4.18648296450262,4.212378917031236,4.160587423576205,4.203746795654297,7052700,1.0373295848836506,2.83400536161873,0.6749602987881076,0.683330258349435,1,1,2,1,1,0,1
2018-01-16,4.290067201945379,4.298699325838538,4.246907817286547,4.281435489654541,12399900,1.848082146159613,14.763779749288775,-0.3524487622672101,-0.5146647581198649,1,0,2,0,-1,0,1
2018-01-17,4.2900666637606975,4.315962620589232,4.264171118534434,4.272802829742432,10801700,-0.20163003583655303,2.1440823608199766,0.9415051560751175,1.0325726097745402,0,1,1,1,1,0,1
2018-01-18,4.203746740691599,4.238274402543514,4.160587369177802,4.17785120010376,16379300,-2.222232886051423,2.6028583004898964,-0.16163897301626484,-0.030554877784838563,-1,0,2,0,0,0,1
2018-01-19,4.229642692881633,4.238274402543514,4.169219078839682,4.17785120010376,12564600,0.0,-7.774139022143589,0.43852351128388367,0.552765937796762,0,0,-2,0,1,0,1
2018-01-22,4.221010270556438,4.24690622089946,4.186482611167188,4.229642391204834,16071200,1.2396609793041025,-2.129553815831031,0.8066726499347698,0.9766383896178787,1,1,-1,1,1,0,1
2018-01-23,4.229643400378198,4.2555389452976105,4.229643400378198,4.246907234191895,6856700,0.40818682503660497,0.6346387143536081,0.21743654797181655,0.7054541547735882,0,0,1,0,1,0,1
2018-01-24,4.229643340134172,4.255538884684746,4.21237950656637,4.238275051116943,12963800,-0.20325810287199486,3.333332187778648,-0.05599757022828333,-0.6062764347220195,0,0,2,0,-1,0,1
2018-01-25,4.221010938432309,4.221010938432309,4.108796233462987,4.14332389831543,23514100,-2.2403254073019796,0.959020524118448,0.060262090189389106,-0.05259434600574098,-1,0,1,0,0,0,1
2018-01-26,4.160588204387298,4.177852038778852,4.117428412607273,4.151956081390381,21352800,0.20833956713981472,-4.317789320329979,1.1841196508761032,1.2765864086942358,0,1,-2,1,1,0,1
2018-01-29,4.22964398110255,4.290067201945379,4.2210118572093895,4.281435489654541,35356400,3.1185158447244676,24.90974952966125,-0.6731974332887192,-0.5230676373521703,2,-1,2,-1,-1,0,1
2018-01-30,4.264171653470544,4.281435489654541,4.238275693393387,4.281435489654541,11555100,0.0,6.864160395890595,-1.0898815620283941,-0.8575597858458073,0,-1,2,-1,-1,0,1
2018-01-31,4.177852038778852,4.186483750173489,4.100164578215719,4.151956081390381,26258900,-3.0242055165149218,-8.451656546477693,0.048898537308339485,0.12158087591922495,-2,0,-2,0,0,0,1
2018-02-01,4.6180798339963935,4.842510083573401,4.574920455571612,4.6612396240234375,68413500,12.266111024529703,-0.5169844536294876,-0.06480882520516484,-0.345681527239039,2,0,-1,0,0,0,0
2018-02-02,4.756190915121576,4.773454748811941,4.643975790333072,4.6612396240234375,33167200,0.0,28.50778858789582,-2.120854792396809,-1.9619877800439611,0,-1,2,-1,-1,0,0
2018-02-05,4.756190684686003,4.8079821832478205,4.566288111690431,4.592184066772461,38115100,-1.4814848156501803,115.59792516603906,-4.097922480422822,-3.776029426818206,-1,-2,2,-2,-2,0,0
2018-02-06,4.652607832544701,4.7907189235004815,4.643976120886254,4.756191253662109,54179800,3.571441921859164,-19.667739047719902,1.7440920592313836,2.1291634514759794,2,1,-2,1,1,0,0
2018-02-07,4.7907189235004815,4.84251042825804,4.738927007140632,4.756191253662109,25095100,0.0,-7.505003450150694,-0.5001588416939429,-0.8979901768450649,0,-1,-2,-1,-1,0,0
2018-02-08,4.747559167616709,4.756191290945113,4.618080198906703,4.626712322235107,26385900,-2.7223239041808345,20.663539981343337,-3.753641975808808,-3.897059052633367,-2,-2,2,-2,-2,0,0
2018-02-09,4.695767291404168,4.7302949587848975,4.514496831854204,4.6612396240234375,27551400,0.7462599656866242,-13.15002910616373,1.4936090208494734,1.4361484143950776,1,1,-2,1,1,0,0
2018-02-12,4.738927007140632,4.782086800239743,4.713031460562998,4.756191253662109,18404700,2.037046736436876,-11.87198526838975,1.3914584754042503,1.5633119387545413,1,1,-2,1,1,0,0
2018-02-13,4.738927007140632,4.773455088581295,4.730295295482184,4.756191253662109,13048200,0.0,-2.4990288236790614,0.26129297463290957,0.4518760471846628,0,0,-1,0,0,0,0
2018-02-14,4.730295202290905,4.902933548081626,4.721663079200226,4.87703800201416,23128300,2.5408302969104346,-22.867437891433283,1.3402458257245842,1.855138951972446,2,1,-2,1,1,0,0
2018-02-15,4.9547243157969785,4.971988559413739,4.894301109547205,4.94609260559082,18949100,1.4159127640207325,-0.6749795772083567,1.2069112762299383,1.5791721388197733,1,1,-1,1,1,0,0
2018-02-16,4.9806199107255305,5.006515862682434,4.937460127998088,4.971988201141357,19577300,0.5235566257143276,1.7250388822956486,0.03734693722488025,-0.2337232017212143,1,0,1,0,0,0,0
2018-02-20,4.9547243157969785,4.989252391428278,4.920196651767902,4.94609260559082,14894300,-0.520829786856547,5.85817754691822,-0.5841389459353419,-0.07127809213746117,-1,-1,2,-1,0,0,0
2018-02-21,4.963355839935237,5.015147329742301,4.911564350128174,4.911564350128174,17741400,-0.6980915687590961,-2.815533558085659,-0.5496503128179286,-0.22227521345865586,-1,-1,-2,-1,0,0,0
2018-02-22,4.928829193115234,4.971988982626427,4.911565359631209,4.928829193115234,13452000,0.35151413595160275,-6.493512061359841,0.09735510790762625,-0.11277192249036228,0,0,-2,0,0,0,0
2018-02-23,4.928829472557394,5.032412479334231,4.92019734952485,5.006516933441162,16355600,1.576190557271584,-11.912391154018309,1.602837635051313,1.7655853911321184,1,1,-2,1,1,0,0
2018-02-26,5.092835953598862,5.127363621492907,5.066939996877194,5.118731498718262,11660000,2.2413699338068582,-4.184351667437969,1.1757015343810906,1.1457728518214694,1,1,-2,1,1,0,0
2018-02-27,5.101467017455766,5.135994680968661,5.058307643865756,5.066939353942871,17203900,-1.011816009266353,17.658227393497672,-1.2706888443829278,-1.2276541780296912,-1,-1,2,-1,-1,0,0
2018-02-28,5.075572271292387,5.092836105755193,4.997884810408618,5.006516933441162,11084300,-1.1924835937633826,6.777838722644836,-1.1095788639207016,-0.7822318343237544,-1,-1,2,-1,-1,0,0
2018-03-01,4.9806199107255305,5.049675233807684,4.928828418413915,4.971988201141357,16240900,-0.6896757318280322,13.198986808738677,-1.3324399541987275,-1.271134097305937,-1,-1,2,-1,-1,0,0
2018-03-02,4.9547244297975634,4.997884216628061,4.9029329325623054,4.980620384216309,11248900,0.17361632260046722,-12.817086109366038,0.5071602744632031,1.0766577810490618,0,1,-2,1,1,0,0
2018-03-05,4.989252731103813,5.084203607847055,4.980620608707745,5.049675941467285,9389900,1.386485054548925,-4.389997976788962,1.1032026532745043,1.0035980607796535,1,1,-2,1,1,0,0
2018-03-06,5.058308011942107,5.075571844954787,5.015148223609285,5.023780345916748,10944700,-0.5128169777764535,-1.975434815416921,0.2638858606169414,0.5633806944698394,-1,0,-1,0,1,0,0
2018-03-07,5.049675583268797,5.110099200948374,5.023780041121994,5.075571537017822,13858100,1.0309206918883262,-3.267975825291858,-0.0483874720566102,0.3342390677999907,1,0,-2,0,0,0,0
2018-03-08,5.110099139135098,5.144626802647993,5.032411690429975,5.066939353942871,10851300,-0.1700731240214748,-6.869365414593254,0.4463078207817217,0.42316850712147414,0,0,-2,0,0,0,0
2018-03-09,5.075572485135998,5.127363990706492,5.066940361739767,5.084204196929932,7642500,0.3407351416911286,-11.4873063303214,1.737883151892694,1.7886477397908829,0,1,-2,1,1,0,0
2018-03-12,5.092835953598862,5.127363621492907,5.092835953598862,5.118731498718262,7853300,0.6791092656974529,7.786880894223391,-0.1273985129042532,0.3638468022845176,1,0,2,0,0,0,0
2018-03-13,5.118730853097399,5.127362974783282,5.041043815935527,5.058307647705078,11581700,-1.1804458004549323,3.612171471128467,-0.6363576551088879,-1.018803376565769,-1,-1,2,-1,-1,0,0
2018-03-14,5.066939722647324,5.075571844954787,4.989252679891388,5.023780345916748,17243400,-0.682586038514188,5.382257738439855,-0.5724521948562322,-0.18905190479496792,-1,-1,2,-1,0,0,0
2018-03-15,5.006515862682434,5.023779693452973,4.954723958768627,4.971988201141357,13826800,-1.0309396750892263,-3.7144480943228753,-0.0781930531963182,-0.2010164870253739,-1,0,-2,0,0,0,0
2018-03-16,4.971988559413739,4.997884101634436,4.928828773576282,4.94609260559082,10492100,-0.520829786856547,-4.76190448816719,0.1703447167811456,0.003341468591111507,-1,0,-2,0,0,0,0
2018-03-19,4.954724732820608,4.971988977890447,4.911565354952784,4.937460899353027,13239100,-0.17451566167677734,20.379748279477994,-1.4204195388793028,-1.8410876743346405,0,-1,2,-1,-1,0,0
2018-03-20,4.946093613046919,4.997885119639803,4.928829777515959,4.963357448577881,10605100,0.5244912264165347,-4.311249606145551,0.14818054520648882,0.27313336263987686,1,0,-2,0,0,0,0
2018-03-21,4.920197070572093,4.94609302659926,4.885669403604042,4.928829193115234,21324200,-0.6956632847900046,-1.8681326282152133,-0.18439898833508828,-0.25813405387026256,-1,0,-1,0,0,0,0
2018-03-22,4.7907188631425015,4.8252465325458616,4.747559070587158,4.747559070587158,14228600,-3.677752168431414,30.683087093850105,-2.5162888405856454,-2.4316243787705694,-2,-2,2,-2,-1,0,0
2018-03-23,4.8166138104541805,4.82524593253277,4.695766982569567,4.713030815124512,17117700,-0.7272843781252036,6.555272821949254,-2.096688071186603,-2.4280454776577365,-1,-1,2,-1,-1,0,0
2018-03-26,4.782085418701172,4.790717539468102,4.695766269042737,4.782085418701172,14440600,1.4651846398936685,-15.440289597940582,2.715725576151251,3.25869974892794,1,2,-2,2,2,0,0
2018-03-27,4.773453892445106,4.7907177230383065,4.669870497283714,4.695766448974609,16561800,-1.805048679996335,6.990010772029942,-1.7276308813847896,-2.93232887461754,-1,-1,2,-1,-2,0,0
2018-03-28,4.687135219573975,4.73029501006894,4.661239674558809,4.687135219573975,19071600,-0.18380874548220572,1.6444481743706607,-0.291665716625622,-0.8500740871404622,0,0,1,0,-1,0,0
2018-03-29,4.721662998199463,4.756191078367557,4.7043991639165545,4.721662998199463,11064500,0.7366499366456614,-12.680373500047992,1.3769718690019195,1.6436384342549237,1,1,-2,1,1,0,0
2018-04-02,4.704398941346907,4.721662774813047,4.6094480630842645,4.652607440948486,9028500,-1.4625261751486707,18.27742439349034,-2.2337423560165104,-2.7370487903107033,-1,-1,2,-1,-2,0,0
2018-04-03,4.669870914629876,4.695766868635092,4.643975372226886,4.678503036499023,11824100,0.5565824299429423,-10.668926199096019,1.2614865848792123,1.0357849172203615,1,1,-2,1,1,0,0
2018-04-04,4.60081605018631,4.695767342313875,4.592184339048678,4.687135219573975,11377000,0.1845073735681657,-4.928914202488288,1.156648273982852,1.4526150975879393,0,1,-2,1,1,0,0
2018-04-05,4.73029447090948,4.74755830281928,4.669870853424072,4.669870853424072,11591700,-0.36833514164056336,-5.583245073292675,0.6862863657553842,0.48905714444793524,0,1,-2,1,0,0,0
2018-04-06,4.704398941346907,4.747558730813386,4.626711896550405,4.652607440948486,13610100,-0.36967644325598403,13.46356475795858,-2.1920248779842444,-2.281336892440333,0,-1,2,-1,-1,0,0
2018-04-09,4.704398517243671,4.73892618106327,4.669870853424072,4.669870853424072,8937100,0.37104812075154925,1.3029348051544432,0.33365488963206236,0.5094637853234829,0,0,1,0,1,0,0
2018-04-10,4.773455083150821,4.790718918050366,4.73029529010081,4.764822959899902,18431100,2.0332919144050665,-5.9715255722264775,1.67269537832615,2.0712650629156615,1,1,-2,1,1,0,0
2018-04-11,4.773454303764442,4.868405174407684,4.773454303764442,4.807981967926025,14004500,0.9057840845156928,-1.1235933070416815,-0.5525364482924067,-0.3562017426237518,1,-1,-1,-1,0,0,0
2018-04-12,4.816614095264,4.833877928839767,4.790718550701478,4.799350261688232,11087100,-0.1795286732640622,-8.646245157063658,0.8250750063987677,1.0074963185655372,0,1,-2,1,1,0,0
2018-04-13,4.773455083150821,4.799350629698994,4.738927001749437,4.764822959899902,8670000,-0.7194161689750178,-5.840994792185128,-0.2886625488248695,-0.47057312637862614,-1,0,-2,0,0,0,0
2018-04-16,4.816613792017104,4.885669121972552,4.78208612703938,4.842509746551514,12230900,1.630423361065314,-4.882253813437421,0.8109038386684864,0.6983583473857635,1,1,-2,1,1,0,0
2018-04-17,4.98062019894099,5.075571479474629,4.946092535401887,5.058307647705078,24856900,4.456323527427908,-7.910625049454579,1.0661504701720004,1.7442067142051432,2,1,-2,1,1,0,0
2018-04-18,5.06693977465717,5.084203607847055,5.0324121082774,5.049675941467285,7309800,-0.17064415292551427,2.2950844686539407,0.08313658006817715,0.1942033007251487,0,0,1,0,0,0,0
2018-04-19,5.041043696799261,5.066939238040484,5.023779865437711,5.032411575317383,10763400,-0.3418905757521906,2.307690050475042,-0.5726124690152989,-0.7838011353185959,0,-1,1,-1,-1,0,0
2018-04-20,5.222315031415331,5.27410653442082,5.1187316138020735,5.144627571105957,24388300,2.2298652268221364,5.764405516420323,-0.853653230061302,-1.270094127943877,1,-1,2,-1,-1,0,0
2018-04-23,5.11873186731026,5.127363990706492,5.058308649945833,5.084204196929932,11421000,-1.1744946226114439,-3.199046416031859,0.005623169212687351,-0.24530459764539048,-1,0,-2,0,0,0,0
2018-04-24,5.1100997875458845,5.144627455439929,5.066939996877194,5.118731498718262,13294400,0.6791092656974529,10.28151951950691,-1.338056164164636,-1.7008949630919035,1,-1,2,-1,-1,0,0
2018-04-25,5.187786282945456,5.196417992515271,5.092835008064328,5.110098838806152,26474800,-0.1686484222560014,-0.9988917902509331,0.1837059563023713,-0.05151538357498486,0,0,-1,0,0,0,0
2018-04-26,5.058307643865756,5.161890634404441,5.032411690429975,5.066939353942871,44361200,-0.844591978055842,-8.968611927044346,1.0434204774367295,1.6411222798086378,-1,1,-2,1,1,0,0
2018-04-27,5.1187316138020735,5.187787362745004,5.1187316138020735,5.144627571105957,18985700,1.5332375569609313,-5.110837040663996,0.11136248915897262,0.015728040572171587,1,0,-2,0,0,0,0
2018-04-30,5.161890625739769,5.205050410859549,5.153258504074927,5.18778657913208,19859100,0.8389141377020071,3.3744351908673087,-0.8187490964434607,-0.7518439650649578,1,-1,2,-1,-1,0,0
2018-05-01,5.179155123333975,5.18778724610862,5.07557211965184,5.118731498718262,12682600,-1.3311087370400543,-2.7620874176295995,0.25490454770622506,0.9117989491367329,-1,0,-2,0,1,0,0
2018-05-02,5.075572215493489,5.084203926828858,4.971989209855404,4.989253044128418,20610800,-2.5295027610310328,3.0987766494718016,-0.7205863568357729,-0.41791538211548573,-2,-1,2,-1,0,0,0
2018-05-03,5.066940361739767,5.092836320326163,4.997885020979108,5.084204196929932,13567100,1.9031135915877462,-0.43832590687588047,-0.22536742393085563,-0.17955470680260932,1,0,0,0,0,0,0
2018-05-04,5.161890380343219,5.282737196690436,5.153258259088748,5.265473365783691,21312600,3.5653400578052663,-7.106913131303926,1.281117896379791,1.7137083232901862,2,1,-2,1,1,0,0
2018-05-07,5.351793293846649,5.386320960650646,5.325897749544779,5.343161582946777,11855000,1.4754270274714987,-0.135412709165883,0.34579455015175675,0.7710509409154076,1,0,0,0,1,0,0
2018-05-08,5.351792571965604,5.42948001759679,5.334528740892252,5.4122161865234375,15803800,1.2923922008470479,-0.2711861820544281,-0.02656413228280252,0.023260737340513593,1,0,0,0,0,0,0
2018-05-09,5.4122164165461095,5.481271743774414,5.377688752931957,5.481271743774414,12256400,1.2759201567543954,-8.769544245463711,0.9682220255068819,1.0046960173856645,1,1,-2,1,1,0,0
2018-05-10,5.464007911967338,5.533063239195642,5.446744080160261,5.481271743774414,12546900,0.0,-1.4158012889526561,0.9370643723504823,0.8863876697230433,0,1,-1,1,1,0,0
2018-05-11,5.489903983982382,5.533063358630588,5.481271862091405,5.507167816162109,11567900,0.47244642481205634,-4.383975387560857,0.17075955546570487,-0.028228770279992155,0,0,-2,0,0,0,0
2018-05-14,5.403584596002673,5.498535463199833,5.369056521492004,5.438112258911133,26716900,-1.2539214266962473,2.213444229953576,0.08834895573073265,0.11400889302344286,-1,0,1,0,0,0,0
2018-05-15,5.351792575429863,5.412216190026808,5.334528744345335,5.4035844802856445,10522100,-0.6349221380803516,13.147716698696744,-0.6842140279927467,-0.8053888217209981,-1,-1,2,-1,-1,0,0
2018-05-16,5.377688404592432,5.412216065970056,5.334528622069305,5.386320114135742,8480900,-0.31949840356692016,-8.270676887778084,0.4060561678767671,0.6348241494598339,0,0,-2,0,1,0,0
2018-05-17,5.351793293846649,5.386320960650646,5.325897749544779,5.343161582946777,8511900,-0.8012619056134596,0.07451735339034649,-0.08558723207806596,-0.21396253546958066,-1,0,0,0,0,0,0
2018-05-18,5.377689245066137,5.3949530784530975,5.33452945579761,5.35179328918457,9290100,0.16154679404309924,-0.07446186637822816,-0.263219493841671,-0.38104279834666466,0,0,0,0,0,0,0
2018-05-21,5.3690562834469295,5.394952235281244,5.343160743214807,5.386320114135742,6046100,0.6451449651642349,-2.5335331643439485,0.7386752997235124,0.5398199723696262,1,1,-2,1,1,0,0
2018-05-22,5.33452945579761,5.3949530784530975,5.325897744905258,5.35179328918457,8294300,-0.6410095244907654,1.0703390224721554,-0.3135761789657687,-0.2107113031940666,-1,0,1,0,0,0,0
2018-05-23,5.213682349372128,5.265473846823903,5.205050638931282,5.256842136383057,11520700,-1.7741932034893826,-4.841152272280502,0.32484098921563564,0.6437657756696025,-1,0,-2,0,1,0,0
2018-05-24,5.265473846823903,5.291369801350907,5.222314471415207,5.256842136383057,8673000,0.0,-0.39745779839506223,-0.2023213496498033,-0.020600503696455164,0,0,0,0,0,0,0
2018-05-25,5.179154791363159,5.300001621246338,5.1705226691418105,5.300001621246338,19288900,0.821015426059124,5.50678809866183,-0.23572204364039617,0.12687737175747227,1,0,2,0,0,0,0
2018-05-29,5.066939110646687,5.161890386549039,5.058307400984035,5.1359944343566895,32514200,-3.094474277747128,28.744327639782362,-1.1564187290653005,-0.5012241761237268,-2,-1,2,-1,-1,0,0
2018-05-30,5.135994017306623,5.179153796921836,5.092834649293572,5.153257846832275,18310700,0.3361259965568575,-12.220921395049544,1.2695791223314323,0.890415082541729,0,1,-2,1,1,0,0
2018-05-31,5.212574935613396,5.248523692807172,5.158651371279743,5.203587532043457,20110700,0.9766576155726403,3.279790753380385,-0.6879559974886984,-0.2724316758290768,1,-1,2,-1,0,0,0
2018-06-01,5.257509708404541,5.266497110334392,5.221560957770961,5.257509708404541,12903700,1.036250010767259,-12.767337835813253,1.0849230370481022,1.5077687429198017,1,1,-2,1,1,0,0
2018-06-04,5.329408645629883,5.356370430141118,5.311434265470068,5.329408645629883,11761700,1.3675473981608732,-5.349184732453615,0.4479598435997323,0.690066257012667,1,0,-2,0,1,0,0
2018-06-05,5.329408675148304,5.347383055407675,5.293459914629562,5.302447319030762,12669700,-0.5058971527962974,-2.6687610572700193,0.07025929724704394,0.41280572703994434,-1,0,-2,0,0,0,0
2018-06-06,5.257510184708278,5.31143331554381,5.248523210507164,5.293458938598633,12227500,-0.1695138092154047,-6.1290266015153305,0.8567392465728796,0.6727063865201277,0,1,-2,1,1,0,0
2018-06-07,5.266497612351201,5.29345896362496,5.221561455504335,5.248523235321045,10623000,-0.8488911276883115,4.209619902625272,-0.07141884679080501,-0.7044962636760799,-1,0,2,0,-1,0,0
2018-06-08,5.266497612351201,5.284471989381358,5.221561455504335,5.248523235321045,7495400,0.0,0.4122027226969083,0.31259043893263616,0.13673668540834516,0,0,0,0,0,0,0
2018-06-11,5.248524178252649,5.329408675148304,5.23953677385145,5.302447319030762,8054700,1.027414403861715,1.3957312974918867,0.1068707668436586,0.18861280147839388,1,0,1,0,0,0,0
2018-06-12,5.302447289661673,5.365357405949512,5.293459885310253,5.329408645629883,10266700,0.5084694854460059,-0.08097351071211234,0.17433852107295866,0.5725882909471292,1,0,0,0,1,0,0
2018-06-13,5.401305650177164,5.500164509495194,5.392318247397551,5.464215755462647,17028900,2.5294947112623145,4.862231931736094,-0.4026127868587581,-0.10501121797167334,2,0,2,0,0,0,0
2018-06-14,5.500165010791837,5.5181393894463335,5.48219063213734,5.491178035736084,10406900,0.49343366880201245,-6.336937568895418,0.2471549778432225,0.8490435190003698,0,0,-2,0,1,0,0
2018-06-15,5.491177534584023,5.50016450881958,5.455228780555891,5.50016450881958,11341100,0.16365291791693437,-1.1551183551541389,-0.10171027155291279,-0.18889422263270728,0,0,-1,0,0,0,0
2018-06-18,5.374343870714625,5.464215755801568,5.356369493697237,5.44624137878418,15350000,-0.9803912219158883,2.7545984139392576,-0.21261277624751163,0.008389755648208208,-1,0,2,0,0,0,0
2018-06-19,5.338394643131736,5.37434339397764,5.302445892285832,5.356369018554688,23450500,-1.650172182591625,8.448415324143511,-0.4023402292699374,-0.27675047083631776,-1,0,2,0,0,0,0
2018-06-20,5.3563689950747175,5.401305147706574,5.329407217787021,5.365355968475342,20032800,0.1677806344096533,-4.194759577640161,0.17121542893689945,0.72382721586286,0,0,-2,0,1,0,0
2018-06-21,5.338395094964986,5.338395094964986,5.27548456138855,5.3114333152771,16294000,-1.0050153897536274,14.464428357994287,-0.6345510515579966,-0.8810574345786137,-1,-1,2,-1,-1,0,0
2018-06-22,5.356369471376752,5.374343848319239,5.275484560864082,5.347382068634033,14031900,0.6768183129313821,-5.942622029758937,0.18619345065358228,-0.2609944390148389,1,0,-2,0,0,0,0
2018-06-25,5.284471965204513,5.284471965204513,5.17662570351698,5.239535808563232,18172300,-2.0168048343392364,25.853299546807328,-1.3724668973416176,-2.090391589407614,-1,-1,2,-1,-1,0,0
2018-06-26,5.239535808563232,5.257510185511155,5.212574457412824,5.239535808563232,16130000,0.0,-8.136179189956849,0.22045770199778936,0.39325648942571956,0,0,-2,0,0,0,0
2018-06-27,5.248523698672921,5.284472455906873,5.149664402008057,5.149664402008057,18466900,-1.7152551263853288,12.49999850239587,-0.8604355128821406,-1.5413317828794626,-1,-1,2,-1,-1,0,0
2018-06-28,5.068778543891905,5.158650420308924,5.050804168608501,5.131689071655273,16003700,-0.3490582870948611,-5.918478363893154,0.617868985946779,0.7870982855970654,0,1,-2,1,1,0,0
2018-06-29,5.176625704596676,5.221561432704378,5.167638301849365,5.167638301849365,9961300,0.7005340676748295,-4.510387012914396,0.07584033300001014,0.08821843083899328,1,0,-2,0,0,0,0
2018-07-02,5.050805113056058,5.095741273938613,5.0418181380053415,5.0777668952941895,12536700,-1.7391195224134237,-3.045368343513366,0.3067957412152822,0.7641524068443983,-1,0,-2,0,1,0,0
2018-07-03,5.095741246890297,5.131690003988328,5.06877946479528,5.104728221893311,8570600,0.5309681825707457,3.461532019064184,-0.49473506268106204,-0.859179221594375,1,0,2,0,-1,0,0
2018-07-05,5.113715644774104,5.15865137704505,5.095741266157129,5.149664402008057,11288300,0.8802854561780871,-7.2490654700397394,0.8620803683929923,1.1164059565253792,1,1,-2,1,1,0,0
2018-07-06,5.176625728607178,5.203587079888263,5.158650923029185,5.176625728607178,16110500,0.5235550221216023,-10.688045109749943,0.8481281595267509,1.3439781105874404,1,1,-2,1,1,0,0
2018-07-09,5.257509708404541,5.275484083721332,5.212573984384022,5.257509708404541,14221300,1.5624845997727954,-5.086015789052089,0.8822985887663393,0.8819799384255811,1,1,-2,1,1,0,0
2018-07-10,5.329407691691546,5.365356445576521,5.311433314749058,5.347382068634033,9709500,1.7094093061934768,-0.394005033206124,0.3473267180873929,0.0386787334578198,1,0,0,0,0,0,0
2018-07-11,5.284471989381358,5.311433340655116,5.239535832534491,5.248523235321045,12723500,-1.8487333062071842,7.832276457501397,-0.7094202866256172,-0.5489010588614507,-1,-1,2,-1,-1,0,0
2018-07-12,5.23953677385145,5.320421699290133,5.23953677385145,5.302447319030762,14318200,1.027414403861715,-7.703596345699171,0.8749042674663476,1.3906373458683507,1,1,-2,1,1,0,0
2018-07-13,5.266498550409893,5.284472930641611,5.212575409714737,5.221562385559082,14247000,-1.5254264418880559,-3.179647225406612,0.10792374947172778,0.02633026173990416,-1,0,-2,0,0,0,0
2018-07-16,5.2754841098664285,5.30244588724669,5.248522761029079,5.28447151184082,10086500,1.204795071600051,5.336614139936113,-0.1028135726814483,-0.2588783216359136,1,0,2,0,0,0,0
2018-07-17,5.212575409714737,5.248524170178174,5.203588005327363,5.221562385559082,7242200,-1.1904525578533054,-6.001555016899285,0.39736986307106203,0.6328679607271681,-1,0,-2,0,1,0,0
2018-07-18,5.455229261110526,5.473203639707966,5.392318721747991,5.428267478942871,28867100,3.9586828255745665,0.33167463069041503,0.21605126279586884,-0.008659011843270559,2,0,0,0,0,0,0
2018-07-19,5.37434339397764,5.383330367417659,5.329407241148803,5.356369018554688,16460000,-1.324519483741149,6.363632064578728,-0.39529931204791424,-0.3710020948168635,-1,0,2,0,0,0,0
2018-07-20,5.374343370418877,5.401305147706574,5.3563689950747175,5.365355968475342,12249700,0.1677806344096533,-0.07770185680464614,-0.09484477101494582,-0.0651682300011669,0,0,0,0,0,0,0
2018-07-23,5.356369974180284,5.365356949223662,5.320421216920791,5.338395595550537,12864400,-0.5024899202068389,-1.866250214039078,0.18380494891383492,0.2771018814580861,-1,0,-1,0,0,0,0
2018-07-24,5.347383055407675,5.365357435667046,5.25751115411082,5.302447319030762,17437000,-0.6733910193867598,-1.6640256739405612,0.4780911145920941,-0.0140285115643346,-1,0,-1,0,0,0,0
2018-07-25,5.347381617820971,5.383330368675273,5.30244589352455,5.374343395233154,20731600,1.3559036398976376,-0.966961217039064,0.9101605057599604,1.166597344596254,1,1,-1,1,1,0,0
2018-07-26,5.068778532550421,5.086752907793607,4.9699196829843535,4.987894058227539,62187600,-7.190633507869659,-1.220501375068006,-0.30322960242857855,-1.009299469358016,-2,0,-1,0,-1,0,0
2018-07-27,4.969920623865316,4.969920623865316,4.844099544800277,4.853086948394775,31219900,-2.7026859083023047,7.331131503121879,-0.656220869212365,-1.461508158717617,-2,-1,2,-1,-1,0,0
2018-07-30,4.98789451141213,5.023843265164694,4.915996575364054,4.942958354949951,27356800,1.851840024933038,9.439758412260325,-0.5754170294581917,-1.38831707416196,1,-1,2,-1,-1,0,0
2018-07-31,4.933971438030311,4.94295884162481,4.853086948394775,4.853086948394775,17331100,-1.8181704174217272,-10.02805247000975,0.4884728797982518,0.5477069339777207,-1,0,-2,0,1,0,0
2018-08-01,4.90700957761305,4.915996551736523,4.853086447243372,4.880047798156738,14750600,0.555540216951611,2.4941519620195196,-0.10403515262938923,0.4627342487117714,1,0,1,0,0,0,0
2018-08-02,4.8081502913302,4.835112070788379,4.781188940414968,4.826124668121338,15197400,-1.1049713499889924,-7.30038073000544,0.4926444803381669,1.237787884720043,-1,0,-2,0,1,0,0
2018-08-03,4.8081507914360015,4.835112573698532,4.799163816377152,4.817138195037842,7753100,-0.186204744002072,-4.511888892478966,0.4644183009877123,0.11944373400374353,0,0,-2,0,0,0,0
2018-08-06,4.8081503158967385,4.835112095492675,4.78118896484375,4.78118896484375,12103200,-0.7462777428956291,-3.1786930811503855,0.3538227451535869,0.6102195412762246,-1,0,-2,0,1,0,0
2018-08-07,4.853086925188486,4.880048278757078,4.81713816806837,4.844099521636963,14359600,1.3157931480181295,-3.0168601488713476,0.28241822564987196,0.3051012246356066,1,0,-2,0,0,0,0
2018-08-08,4.871061303748544,4.880048278757078,4.835112546628428,4.844099521636963,8013100,0.0,-0.7319297481462206,-0.02623799656497061,0.05923545386843365,0,0,-1,0,0,0,0
2018-08-09,4.835112573698532,4.853086952359222,4.8081507914360015,4.817138195037842,7033700,-0.55658077375772,3.8709683090080382,-0.14416744645237012,0.04373177842564857,-1,0,2,0,0,0,0
2018-08-10,4.709290981316116,4.727265786560917,4.673342227912401,4.691316604614258,10930100,-2.611957251988195,16.770180238515042,-0.7113887913551609,-0.6674023263303352,-2,-1,2,-1,-1,0,0
2018-08-13,4.682330133484861,4.691317108529649,4.655368351264516,4.664355754852295,4262300,-0.5746968715657497,12.310029668257583,-0.40059921853423663,-0.2474758318494863,-1,0,2,0,0,0,0
2018-08-14,4.673342704772949,4.691317083308884,4.63739394770108,4.673342704772949,7491100,0.19267290903584033,-9.94586833499882,0.6389254777276809,0.6545022262579359,0,1,-2,1,1,0,0
2018-08-15,4.6194196038658575,4.628407007472832,4.556509492789004,4.574483871459961,12773100,-2.115377355314052,9.992485963755925,-0.7602164835758152,-1.2294672883287339,-1,-1,2,-1,-1,0,0
2018-08-16,4.637393976547738,4.673342733843225,4.610432622847617,4.628407001495361,9123200,1.1787806351624575,-8.128418757861377,0.7919408484583057,0.4167661658856847,1,1,-2,1,0,0,0
2018-08-17,4.673342251909367,4.709291005497674,4.655367875115213,4.70030403137207,12162600,1.553386075457075,-6.022300947427583,0.33231157222237684,0.12566493865648898,1,0,-2,0,0,0,0
2018-08-20,4.7362527848442495,4.754227161637963,4.709291005382208,4.718278408050537,11653300,0.3824088092705846,-1.1867133554614995,0.24280177746833775,0.0598706484146172,0,0,-1,0,0,0,0
2018-08-21,4.790176412775312,4.817138195037842,4.781189437716462,4.817138195037842,9848900,2.095251242881857,2.9623690339424025,0.20685364303643095,0.48791853473604263,1,0,2,0,0,0,0
2018-08-22,4.880048276868532,4.8980226554216335,4.835112544757271,4.86207389831543,9434000,0.9328298557819359,-4.743387814637446,-0.03981517707819515,0.38083125926495764,1,0,-2,0,0,0,0
2018-08-23,4.924983954402943,4.933970928526415,4.871060824033265,4.880047798156738,8697900,0.3696755791296358,1.3061212033641523,-0.16912621251551352,-0.13487136158800705,0,0,1,0,0,0,0
2018-08-24,4.9609322593336,5.01485538482666,4.951945286022876,5.01485538482666,10080300,2.762423489393706,-3.384368101999047,0.6198839704363079,0.8570205327693925,2,1,-2,1,1,0,0
2018-08-27,5.068778543891905,5.158650420308924,5.068778543891905,5.131689071655273,9115000,2.3297518644727955,1.4178488702180525,0.7670409427647185,0.9051107862312779,1,1,1,1,1,0,0
2018-08-28,5.185613159242009,5.194600562821992,5.131690023391081,5.149664402008057,10009000,0.35028097185523244,2.7960539214994196,0.026927832649970007,0.15141292441429588,0,0,2,0,0,0,0
2018-08-29,5.104727294458712,5.14067604502552,5.086752919175309,5.131689071655273,6502700,-0.3490582870948611,-2.0000000000000018,0.5701434129840033,0.9918991929839693,0,1,-1,1,1,0,0
2018-08-30,5.050805568695068,5.077767353365453,5.032831188429155,5.050805568695068,6645800,-1.5761575152119511,10.448977412009718,-0.4430329054144866,-0.26301965030861574,-1,0,2,0,0,0,0
2018-08-31,5.014855406820863,5.0328297820640495,4.9699196829843535,4.987894058227539,5493700,-1.2455737923759203,-4.951959272114581,0.013447750859452157,0.26185995849914434,-1,0,-2,0,0,0,0
2018-09-04,4.924984950472793,4.960933711323154,4.915997545988686,4.95194673538208,7070700,-0.7206913865013598,2.3328164754584213,-0.16543221469484948,-0.22553731746066674,-1,0,1,0,0,0,0
2018-09-05,4.88903570568679,4.898022680738298,4.817138191102761,4.853086948394775,11584000,-1.9963822769122896,5.699088211976577,-0.2803126684318036,-1.1874565502858037,-1,0,2,0,-1,0,0
2018-09-06,4.889035682308601,4.907010060868659,4.826125143076905,4.844099521636963,6491700,-0.18518989775745398,5.3199121440381525,-0.36523050860121087,-0.9060463018809917,0,0,2,0,-1,0,0
2018-09-07,4.799163341726725,4.835112095492675,4.78118896484375,4.78118896484375,14144900,-1.2987048782175603,1.5699692962430234,-0.2213344827027508,-0.2548356621520975,-1,0,1,0,0,0,0
2018-09-10,4.880048278757078,4.889035682308601,4.826125143076905,4.844099521636963,6895500,1.3157931480181295,-4.838711434753651,0.18978268127400888,0.2735844055282266,1,0,-2,0,0,0,0
2018-09-11,4.8081507914360015,4.826125170096692,4.781189437716462,4.817138195037842,4148300,-0.55658077375772,-6.6384151872367125,0.3739841510076891,0.6096552523064069,-1,0,-2,0,1,0,0
2018-09-12,4.763215039900388,4.799163797077199,4.736253257746284,4.772202014923096,7815600,-0.9328397545462774,-0.6051431323006673,0.03566719422101183,-0.22879024798410086,-1,0,-1,0,0,0,0
2018-09-13,4.978906601607623,5.0058683784475,4.889034726379542,4.915996074676514,10956400,3.0131595289504043,-5.859972889231746,0.5282254329749936,0.7477779824671904,2,1,-2,1,1,0,0
2018-09-14,4.942958354949951,4.978907108702515,4.898022198487772,4.942958354949951,8821500,0.54846016684853,-2.42522387639702,0.027548183892078804,-0.04579554155177412,1,0,-1,0,0,0,0
2018-09-17,4.942958354949951,4.978907108702515,4.915996575364054,4.942958354949951,8851100,0.0,13.338862063451028,-0.5569722252617426,-1.4263349426824057,0,-1,2,-1,-1,0,0
2018-09-18,5.014856808163241,5.077767353365453,5.014856808163241,5.050805568695068,10827500,2.1818353706564597,-6.505850317752005,0.5369014643958003,0.7639491921686448,1,1,-2,1,1,0,0
2018-09-19,4.844099068249485,4.93397095263814,4.844099068249485,4.907009601593018,15308800,-2.846990745264466,-8.131352345229804,0.12532727238796504,-0.07629135749825933,-2,0,-2,0,0,0,0
2018-09-20,4.9429588298623415,4.969920612038688,4.907010072655873,4.960933208465576,13580100,1.098909748516741,0.4255335381690539,0.7840591898404803,0.983516322207989,1,1,0,1,1,0,0
2018-09-21,4.996881034432834,5.041817186837929,4.969919685824104,5.023842811584473,15735200,1.2681001834804917,-1.0169481662661628,-0.03685330120276609,-0.5140612517535281,1,0,-1,0,-1,0,0
2018-09-24,4.987894058227539,5.014855406820863,4.951945307741167,4.987894058227539,5937100,-0.7155628610441278,4.452050432386789,-0.35156877607932513,0.07875385745343966,-1,0,2,0,0,0,0
2018-09-25,4.978906635995843,5.050804136674888,4.978906635995843,5.032829761505127,13038900,0.900895302767446,1.803280905477811,-0.13050961134796202,0.17790279102680717,1,0,1,0,0,0,0
2018-09-26,4.987895013910474,5.03283074635669,4.969920635223389,4.969920635223389,7410200,-1.2499752477803772,3.784221128354881,-0.3289278113945082,-0.2135518109646073,-1,0,2,0,0,0,0
2018-09-27,5.014855884292454,5.1227021460197655,5.014855884292454,5.113715171813965,18776700,2.8932964355901314,-3.723820660402799,0.27632870875580196,0.6457785671937444,2,0,-2,0,1,0,0
2018-09-28,4.996881009662307,5.041817161844644,4.987894036351584,5.01485538482666,15810600,-1.9332282629311304,-2.3368248623588994,-0.0006870120538793323,0.054462808186173106,-1,0,-1,0,0,0,0
2018-10-01,5.03283073833654,5.077766899254139,5.023843763278815,5.041818141937256,17033400,0.5376577197455434,-0.9900980750178201,0.3641105118425747,-0.11247699713421433,1,0,-1,0,0,0,0
2018-10-02,4.942958833725927,4.969920615923346,4.907010076491359,4.924984455108643,19791300,-2.3172927610538796,0.4166682561238533,-0.03966902079042267,-0.46968510466641744,-1,0,0,0,0,0,0
2018-10-03,4.978906601607623,4.978906601607623,4.9070091014251584,4.915996074676514,15512500,-0.182505762486318,-3.651456656373575,0.07115197468861023,0.31926845492646905,0,0,-2,0,0,0,0
2018-10-04,4.942958833725927,4.98789499454063,4.907010076491359,4.924984455108643,10249000,0.18283945502783894,22.480626076939416,-0.8169482334351885,-1.8140616611087346,0,-1,2,-1,-1,0,0
2018-10-05,4.862073445928718,4.880047822809411,4.790175938405941,4.83511209487915,7560300,-1.8248252567836687,4.2194051795244825,-0.5527978766503461,-1.1556501993278179,-1,-1,2,-1,-1,0,0
2018-10-08,4.790175939013763,4.826124692779713,4.727265834194825,4.78118896484375,11679000,-1.1152405358401118,5.870444692808752,-0.03951166292067709,-0.6740750557998942,-1,0,2,0,-1,0,0
2018-10-09,4.772202040072511,4.799163822368702,4.727266307636181,4.763215065002441,12101700,-0.37592950149997195,1.6571079403144617,-0.14179036575431292,0.02675591448357828,0,0,1,0,0,0,0
2018-10-10,4.7182783840099125,4.7182783840099125,4.628406500499264,4.637393474578857,21285100,-2.6415265468077154,43.949839241599896,-3.28642290012785,-4.083347084218203,-2,-2,2,-2,-2,0,0
2018-10-11,4.682330137438592,4.718278894734079,4.601445219252251,4.628407001495361,19255400,-0.1937828466089364,8.79791175222544,-2.057300761734404,-1.2528849649462215,0,-1,2,-1,-1,0,0
2018-10-12,4.718278408050537,4.727265810718866,4.646380900875686,4.718278408050537,13415800,1.9417351699221763,-14.691753977371725,1.4206197825152422,2.289926358676908,1,1,-2,1,1,0,0
2018-10-15,4.745240187282523,4.772201538200312,4.709291005153894,4.754227161407471,9823500,0.7619040304106761,-0.04692740090311842,-0.5904978964482943,-0.8823645690065107,1,-1,0,-1,-1,0,0
2018-10-16,4.871060823922453,4.915996551624689,4.8620734212562375,4.898022174835205,15975700,3.0245717872926514,-17.27698840206624,2.149560016316343,2.890021629427375,2,1,-2,1,2,0,0
2018-10-17,4.907010072655873,5.014856344275279,4.8710613154494045,4.960933208465576,17744900,1.2844170847897018,-1.248588026246067,-0.025266233815879335,-0.03649261168310325,1,0,-1,0,0,0,0
2018-10-18,5.005868433470725,5.077765934443469,4.978906656334492,4.987894058227539,24359600,0.5434632684825358,15.287355780050248,-1.4391922356395415,-2.061575811784244,1,-1,2,-1,-1,0,0
2018-10-19,5.041818592833626,5.086754329226896,5.014856808163241,5.050805568695068,17885400,1.2612840155206806,-0.8474580300092738,-0.03611698977235012,-0.482427194453694,1,0,-1,0,0,0,0
2018-10-22,5.050805591008705,5.086754351699348,5.0058698544169165,5.059792995452881,17495800,0.17794046188426282,-1.25691306018898,-0.42995275485813167,0.26312282567735323,0,0,-1,0,0,0,0
2018-10-23,4.978906656334492,5.023842808713911,4.889034780118562,4.987894058227539,24747300,-1.420985745661052,5.4480637885772065,-0.5511829997012829,-0.41627238513380904,-1,-1,2,-1,0,0,0
2018-10-24,4.889035226776119,4.898022200947298,4.709291029380093,4.72726583480835,29459800,-5.2252156997858235,21.82520839005033,-3.0864433977743855,-4.425389779282963,-2,-2,2,-2,-2,0,0
2018-10-25,4.772201562130788,4.871060849258624,4.736252808364839,4.78118896484375,23972300,1.140683260043196,-4.00317180819224,1.8625040052811848,2.9534064527943826,1,1,-2,1,2,0,0
2018-10-26,4.969919661187229,5.086752885484075,4.924983509004892,5.01485538482666,46115300,4.887203197804313,-0.24772695145908186,-1.7327264039978307,-2.065084240950732,2,-1,0,-1,-1,0,0
2018-10-29,5.050804157307235,5.068778532550421,4.94295790584812,4.987894058227539,19946600,-0.5376291942674416,2.2351031412989997,-0.6559599573700448,-1.6313171026415163,-1,-1,1,-1,-1,0,0
2018-10-30,4.951946713380951,5.068779971354027,4.933971904492599,5.059792995452881,18164500,1.44146881200784,-5.4655884201238685,1.5666780052058682,1.5795075474094755,1,1,-2,1,1,0,0
2018-10-31,5.086754329226896,5.140677470024637,5.050805568695068,5.050805568695068,22823000,-0.17762439621322734,-9.079232567875263,1.0851331974038647,2.0142006655867517,0,1,-2,1,1,0,0
2018-11-01,5.149664421141905,5.203587557193187,5.122702638844768,5.194600582122803,26007600,2.846971863636516,-8.902493784271403,1.0557843693063784,1.7542008234863182,2,1,-2,1,1,0,0
2018-11-02,5.248523716154962,5.275485069898736,5.185613176514504,5.2125749588012695,20944100,0.34602038009092784,0.8790076264358015,-0.6316686379398861,-1.0367124237805614,0,-1,1,-1,-1,0,0
2018-11-05,5.257509733190133,5.28447151056388,5.221560982387079,5.2664971351623535,12499700,1.0344633273817516,2.306503589501041,0.5600317169601965,-0.38249523000951635,1,1,1,1,0,0,0
2018-11-06,5.257509733190133,5.28447151056388,5.2305483843593,5.2664971351623535,10467000,0.0,-0.2504971911518883,0.6259295774170726,0.6428002026718449,0,1,0,1,1,0,0
2018-11-07,5.383330368675273,5.383330368675273,5.32940724239382,5.374343395233154,17500000,2.047779715871356,-17.830232366988053,2.1208856064105275,2.6408771209997406,1,1,-2,1,2,0,0
2018-11-08,5.338396049981303,5.365357405949512,5.293459885310253,5.329408645629883,12835000,-0.8360974783101272,2.200480987605502,-0.25089163835961825,-0.5266336517187886,-1,0,1,0,-1,0,0
2018-11-09,5.30244634161077,5.311433315812338,5.230548833826426,5.275484561920166,11833200,-1.011821147435088,3.827759110527551,-0.9199013706103321,-1.646288115040928,-1,-1,2,-1,-1,0,0
2018-11-12,5.221561432704378,5.23953580965605,5.158650899102055,5.167638301849365,11955800,-2.0442910751604426,17.7995394236643,-1.970148934024063,-2.78159267537903,-1,-1,2,-1,-2,0,0
2018-11-13,5.203586582454172,5.2934584590381215,5.185612207137382,5.257509708404541,16321800,1.7391195224134126,-2.1026909004084215,-0.14819196931705747,0.0,1,0,-1,0,0,0,0
2018-11-14,5.275485046431009,5.284472450000948,5.194600557016508,5.203587532043457,13067200,-1.025622002654325,6.1438537168431395,-0.7567410690302756,-0.8954470698595896,-1,-1,2,-1,-1,0,0
2018-11-15,5.104727791924063,5.185612702853223,5.077766440642978,5.176625728607178,19930000,-0.518138750818542,-5.9764727424172825,1.0593753366266334,1.7185109850775149,-1,1,-2,1,1,0,0
2018-11-16,5.239536765790801,5.25751114602252,5.194601029483018,5.221562385559082,17427500,0.8680684930257643,-9.209210183905448,0.22233054237545957,-0.15373497972924755,1,0,-2,0,0,0,0
2018-11-19,5.221561892933446,5.2395362714693805,5.140676975250244,5.140676975250244,13216000,-1.5490652861399723,10.804856988803202,-1.664310858849427,-3.0269601023684367,-1,-1,2,-1,-2,0,0
2018-11-20,4.96992111580726,5.041818637507982,4.924984950472793,4.95194673538208,23450200,-3.6713110116975756,11.84079161988838,-1.815124083246611,-1.7025040489909715,-2,-1,2,-1,-1,0,0
2018-11-21,5.023843771284644,5.03283074635669,4.951946256536304,4.969920635223389,13066100,0.36296634034618247,-7.473311118264614,0.3043290746176375,0.9181043563894375,0,0,-2,0,1,0,0
2018-11-23,4.915996076303416,4.951945254949449,4.907009103049086,4.9339704513549805,10311800,-0.7233552908997742,3.461544457272181,-0.6554842390161242,-0.4771776618917811,-1,-1,2,-1,0,0,0
2018-11-26,4.978907108702515,4.996881485578797,4.933970952240336,4.942958354949951,8863000,0.1821637094016726,-12.174724830399308,1.55323683669224,2.058949839740687,0,1,-2,1,1,0,0
2018-11-27,4.951945253310651,4.960932226562006,4.889034726379542,4.915996074676514,10277400,-0.5454684894611206,0.6349250881240609,0.3261692144003847,0.012003892267231642,-1,0,1,0,0,0,0
2018-11-28,4.915997051528506,4.942958833725927,4.84409953705937,4.924984455108643,20396900,0.18283945502783894,-2.7865440267598407,2.2973979644221654,2.949293951136722,0,1,-2,1,2,0,0
2018-11-29,4.9429588298623415,4.987894990641922,4.924984451259108,4.960933208465576,17630000,0.7299262299121478,1.622504857343432,-0.21831080910337253,-0.2538508887861446,1,0,1,0,0,0,0
2018-11-30,4.924983476470774,4.960932226562006,4.9070091014251584,4.915996074676514,12123300,-0.9058201733572968,-3.8318317489178133,0.8170747552017188,0.7900361376512288,-1,1,-2,1,1,0,0
2018-12-03,5.059791538531222,5.068778511844649,5.005868413021939,5.032829761505127,14257900,2.3766025247752287,-9.020471434946852,1.0941426132194287,1.513800156211853,1,1,-2,1,1,0,0
2018-12-04,4.987895002511323,5.005869381157329,4.844099544800277,4.853086948394775,19372300,-3.5714065769750447,26.155712271131225,-3.236490314939877,-3.804061255840796,-2,-2,2,-2,-2,0,0
2018-12-06,4.844099981365546,5.068779948960982,4.8261256010996325,5.050805568695068,32126200,4.074079496261462,2.1697240496892922,-0.15222281477752508,0.4167057456908818,2,0,1,0,0,0,0
2018-12-07,5.0418181499717285,5.086753882417945,4.96093323160835,4.969920635223389,23097400,-1.6014263937025208,9.627177710070956,-2.3320118765389863,-3.046770327810455,-1,-1,2,-1,-2,0,0
2018-12-10,5.032830707697248,5.131690003988328,5.032830707697248,5.104728221893311,34543200,2.71246960594298,-2.5398199062172333,0.1762153994735005,0.7356605019370743,2,0,-2,0,1,0,0
2018-12-11,5.230548858290889,5.275484586594804,5.203587078474179,5.248523235321045,46730800,2.8168985140290426,-3.886922192979203,-0.035634616892232795,0.1611000119974726,2,0,-2,0,0,0,0
2018-12-12,5.347382560982894,5.446241857540311,5.329408182385454,5.428267478942871,48348500,3.4246631969198305,-1.3786817153199848,0.5419503676349802,0.9454150588132038,2,1,-1,1,1,0,0
2018-12-13,5.37434389516567,5.437254429284224,5.365356492344612,5.419280052185059,31790800,-0.16556713155120306,-3.7744617916990353,-0.019993032368359476,-0.39417805418171525,0,0,-2,0,0,0,0
2018-12-14,5.311433813334423,5.401306135026144,5.293459434704676,5.338395595550537,17796500,-1.4925314037223192,4.745760582760128,-1.9086709555430348,-2.2583093025459355,-1,-1,2,-1,-1,0,0
2018-12-17,5.338395095502942,5.34738206970451,5.25751018497408,5.275484561920166,26578100,-1.1784633136369016,13.361079099064765,-2.0773480559224233,-2.27084203582667,-1,-1,2,-1,-1,0,0
2018-12-18,5.284472475541607,5.302446854225368,5.176626203439041,5.194600582122803,19722400,-1.5332047482653044,4.322999372566327,0.008640058610476231,0.4468667812975724,-1,0,2,0,0,0,0
2018-12-19,5.239535809380004,5.302446342979014,5.15865089883027,5.185612678527832,19185100,-0.173023959260743,0.0,-1.539571453679811,-2.168072317253422,0,-1,0,-1,-1,0,0
2018-12-20,5.2305488597123,5.257510210993385,5.086753414889022,5.176625728607178,28858500,-0.17330546027601867,10.94604865289961,-1.5772106327423652,-1.6336100306734158,0,-1,2,-1,-1,0,0
2018-12-21,5.131689005465096,5.167637755568225,4.924983478100651,4.9339704513549805,29856800,-4.68751827877435,6.095847430385293,-2.0588228309714296,-2.9933769049102055,-2,-1,2,-1,-2,0,0
2018-12-24,4.9339704513549805,4.969919630001014,4.907009103049086,4.9339704513549805,18967000,0.0,19.794084900893893,-2.7112254452099527,-2.211756331783188,0,-2,2,-2,-1,0,0
2018-12-26,4.951946229620536,4.99688196182251,4.871061311696799,4.99688196182251,36014100,1.2750686508520293,-15.691710272524006,4.959374278953943,5.836341273032608,1,2,-2,2,2,0,0
2018-12-27,4.960933689282097,5.068779971354027,4.9159975241472775,5.059792995452881,22782300,1.2590057982363456,-1.4797789056146593,0.8562680784222065,0.38341457622024233,1,1,-1,1,0,0,0
2018-12-28,5.113716104168771,5.239536765790801,5.095741723937052,5.221562385559082,33354500,3.1971543154350357,-5.4072062129146055,-0.12415825080966947,0.0764464263503406,2,0,-2,0,0,0,0
2018-12-31,5.2395358328867845,5.257510209918149,5.18561270179269,5.230548858642578,14979800,0.172103144996405,-10.30345822361367,0.849248413140935,0.7708954559244141,0,1,-2,1,1,0,0
2019-01-02,5.122701647841277,5.185612175335687,5.113714674509452,5.1586503982543945,24338600,-1.3745873010895138,-8.654605650419011,0.12684969251244294,0.462077821022544,-1,0,-2,0,0,0,0
2019-01-03,5.068779016833439,5.077766419585164,4.996881508991439,5.005868911743164,17354500,-2.96165614485,9.603796363173966,-2.475673039503723,-3.0369301731743903,-2,-1,2,-1,-2,0,0
2019-01-04,5.149664844031735,5.356370430141118,5.149664844031735,5.329408645629883,34666300,6.4632082779421784,-15.992147269793522,3.4335714642623527,4.260228410013922,2,2,-2,2,2,0,0
2019-01-07,5.347382562879554,5.4732036416492535,5.329408184275739,5.410293102264404,25502600,1.5177004056697196,0.09354751425985075,0.7010434848680358,1.255558852373917,1,1,0,1,1,0,0
2019-01-08,5.45522927452644,5.536113764142344,5.419280517243151,5.527126789093018,33497100,2.159470561395538,-4.345795896045224,0.9695285023358924,1.077601027645625,1,1,-2,1,1,0,0
2019-01-09,5.536113285302356,5.608010793650239,5.518138908215386,5.58104944229126,25471600,0.9756000767822126,-2.39374590891408,0.4098045450532162,0.8711045110192828,1,0,-1,0,1,0,0
2019-01-10,5.491177534250063,5.554087639523992,5.473203157237091,5.518138885498047,21832900,-1.1272173350857395,-2.4024001663345507,0.4518418782931244,0.4166941557119941,-1,0,-1,0,0,0,0
2019-01-11,5.446241378446373,5.48219013247892,5.419280027193437,5.464215755462647,14824200,-0.9771977682024646,-6.717945979191708,-0.014629784190933748,-0.20884193999065603,-1,0,-2,0,0,0,0
2019-01-14,5.419280505837807,5.455229263045438,5.392318723660589,5.410293102264404,15287800,-0.986832431430551,4.837818223913493,-0.5257525167898014,-0.9404037417796829,-1,-1,2,-1,-1,0,0
2019-01-15,5.392318271847614,5.4642157802387095,5.392318271847614,5.437254428863525,14197300,0.49833393661864456,-2.4646005289767015,1.0721688622945758,1.7073779827146751,0,1,-1,1,1,0,0
2019-01-16,5.356369471376752,5.392318225261727,5.302446340549289,5.347382068634033,24161700,-1.6528996648088934,2.3655942206107117,0.22219854881162515,0.1546145501878149,-1,0,1,0,0,0,0
2019-01-17,5.356369019806003,5.392317770660306,5.338394644378853,5.374343395233154,19734200,0.504196749981034,-5.147066189402116,0.7591400382211066,0.7074941460931017,1,1,-2,1,1,0,0
2019-01-18,5.491178035736084,5.509152414390581,5.42826749617385,5.491178035736084,22432600,2.1739332958619295,-1.439646935605643,1.318305304897005,1.0271780761341276,1,1,-1,1,1,0,0
2019-01-22,5.392317745763038,5.428266496451359,5.347381593131181,5.365355968475342,17110800,-2.291349259519604,16.85393330665903,-1.4157306164566674,-1.912333648087361,-1,-1,2,-1,-1,0,0
2019-01-23,5.446241403140935,5.500164534434258,5.401305674667977,5.437254428863525,14700400,1.340050144121463,-6.153840510802655,0.22029127742235755,0.0770638023600112,1,0,-2,0,0,0,0
2019-01-24,5.527126287942046,5.572062016200287,5.4732031569063855,5.536113262176514,29669900,1.8181755995856808,-3.227464412607961,0.1375725554363605,0.6787859732623636,1,0,-2,0,1,0,0
2019-01-25,5.73383187744389,5.967498780211951,5.724844474604411,5.931550025939941,58825000,7.142858988545386,-7.7818917991074095,0.8488694060713842,1.292152678441627,2,1,-2,1,1,0,0
2019-01-28,5.823704217629049,5.850665999708738,5.769781082012658,5.832691192626953,36912200,-1.6666610393684222,8.323770129672337,-0.7846827493937836,-1.1051114608086499,-1,-1,2,-1,-1,0,0
2019-01-29,5.850665094310718,5.931549570946832,5.823703316403398,5.886613845825195,34649100,0.9244901095810665,1.3778394804977,-0.14562465775435074,-0.8099453446249072,1,0,1,0,-1,0,0
2019-01-30,5.841678636585428,5.976486690830613,5.796742475656036,5.9045891761779785,34552800,0.3053594277384386,-7.684262299233602,1.554926091974429,2.2023854764415374,0,1,-2,1,1,0,0
2019-01-31,5.715857004262886,5.751805755415118,5.581048973170556,5.706869602203369,71227900,-3.348574609937427,-6.17214134771139,0.8597395948725328,1.373507676051866,-2,1,-2,1,1,0,0
2019-02-01,5.62598560094883,5.62598560094883,5.473203181392789,5.509151935577393,45701700,-3.4645555340819367,-2.595053187056462,0.08986100931438479,-0.24540997910280637,-2,0,-2,0,0,0,0
2019-02-04,5.500164509836345,5.500164509836345,5.374343870714625,5.44624137878418,33474700,-1.1419281502647372,-2.540271765283131,0.6776236617404008,1.1518642338747664,-1,1,-2,1,1,0,0
2019-02-05,5.437254882513086,5.473203639707966,5.410293100345431,5.428267478942871,27216200,-0.3300239301057384,-1.0171637130852895,0.470842037697472,0.7422897836900866,0,0,-1,0,1,0,0
2019-02-06,5.4642157802387095,5.491177560156848,5.428267026043161,5.437254428863525,23624000,0.16555834721696527,-1.2202927688332643,-0.22244379802809355,-0.3620643479385177,0,0,-1,0,0,0,0
2019-02-07,5.410292144823544,5.419279546806477,5.347381616571755,5.356369018554688,39599500,-1.4876149602170319,6.436935743992156,-0.9357140143940179,-1.1786629122187087,-1,-1,2,-1,-1,0,0
2019-02-08,5.356369492057647,5.563075041965819,5.356369492057647,5.536113262176514,37475100,3.35571061290183,-3.970681361522943,0.06762010869560964,0.13514852503335728,2,0,-2,0,0,0,0
2019-02-11,5.563075065204289,5.59902381937823,5.509151933943377,5.58104944229126,23293400,0.8116918492574232,1.5903307617898044,0.07091030986317026,0.13290546671329562,1,0,1,0,0,0,0
2019-02-12,5.581049417650438,5.625985574440944,5.527126286627602,5.608010768890381,29400700,0.48308704084965015,-3.3813397171188253,1.28902247439735,1.4603404024393196,0,1,-2,1,1,0,0
2019-02-13,5.63497259527924,5.7068701039043415,5.62598562097258,5.679908752441406,18786100,1.2820585857264977,1.4257894297040163,0.3023994668760688,0.07768119652749039,1,0,1,0,0,0,0
2019-02-14,5.670921350070358,5.697883130078524,5.634972595754774,5.66193437576294,18292800,-0.31645537739914964,3.6421706627348005,-0.2651641555101225,0.08854415277603778,0,0,2,0,0,0,0
2019-02-15,5.6619343752851305,5.688895726748066,5.62598562097258,5.679908752441406,20775700,0.3174599966295766,-8.076445877921923,1.087875260858695,0.6120945979440018,0,1,-2,1,1,0,0
2019-02-19,5.509151934755089,5.563075066023945,5.500164531938802,5.545100688934326,22651500,-2.3734195280713855,-0.2012054545821984,0.14987433214488366,0.19217177565178378,-1,0,0,0,0,0,0
2019-02-20,5.4372544038746735,5.50016450915628,5.419280026859507,5.482190132141113,22922800,-1.1345250577461274,-5.779567540746344,0.17771107537685182,0.030718249411965104,-1,0,-2,0,0,0,0
2019-02-21,5.482190628217412,5.5451011677346616,5.473203653168085,5.527126789093018,25796000,0.8196843938054643,3.138370656326539,-0.3526436790880272,-0.39203618033182286,1,0,2,0,0,0,0
2019-02-22,5.527126286627602,5.616998171665663,5.518138883852321,5.608010768890381,26931600,1.4634001151733411,-6.56984651977136,0.6411102394986878,0.9092857293405476,1,1,-2,1,1,0,0
2019-02-25,5.643960464535201,5.643960464535201,5.491178031809729,5.527126789093018,32257700,-1.4422935891288846,9.91857979190276,0.12318625699112573,0.3576191124232464,-1,0,2,0,0,0,0
2019-02-26,5.527126288612155,5.572062016875844,5.491177534584023,5.50016450881958,27324400,-0.48781729282280084,2.1548800444713967,-0.07904570968998437,-0.06830609039801816,0,0,1,0,0,0,0
2019-02-27,5.527126288612155,5.527126288612155,5.455228780555891,5.50016450881958,22102900,0.0,-3.0982219160517688,-0.05440493877303387,0.06901250542818982,0,0,-2,0,0,0,0
2019-02-28,5.4821911117367375,5.50915289634868,5.455229755667824,5.473204135894775,26216800,-0.4901739371899416,0.5442171751297131,-0.28255083152146643,-0.29095177782103576,0,0,1,0,0,0,0
2019-03-01,5.500165010791837,5.5451011716995735,5.464216253482844,5.491178035736084,24788200,0.3283981264910363,-8.186739242272834,0.689532059343434,0.8339869113268561,0,1,-2,1,1,0,0
2019-03-04,5.509151912274807,5.518138886511467,5.419280027193437,5.464215755462647,26505800,-0.49101085592141436,7.8113518309141705,-0.3880558492514008,-0.23409419195813408,0,0,2,0,0,0,0
2019-03-05,5.4732031569063855,5.563075041965819,5.4732031569063855,5.536113262176514,18795000,1.315788210631852,0.7518773466629547,-0.1131532823106185,-0.015967664641414192,1,0,1,0,0,0,0
2019-03-06,5.50016450915628,5.509151911935339,5.4462413781107815,5.482190132141113,21097500,-0.9740250511818593,6.784260620949389,-0.6524098653592381,-0.9297333109483996,-1,-1,2,-1,-1,0,0
2019-03-07,5.455228806383388,5.464215780661493,5.410292649363999,5.419280052185059,17579400,-1.1475355367050133,5.400256631702249,-0.8125717558683521,-1.125244631125799,-1,-1,2,-1,-1,0,0
2019-03-08,5.356369517240357,5.473203182638384,5.347382114420685,5.455228805541992,28689400,0.6633492458548718,-3.254978363837502,-0.21316888487414865,-0.1794771418138552,1,0,-2,0,0,0,0
2019-03-11,5.437254403211145,5.545100665288982,5.428267000433183,5.518138885498047,26335800,1.153206990917477,-10.716507134672604,1.4666041867757107,2.0237187621750863,1,1,-2,1,1,0,0
2019-03-12,5.554088589121663,5.61699913369453,5.527127233264022,5.572062969207764,20990500,0.9772150507380672,-3.907881848735939,0.29533182046204143,0.43621943073888225,1,0,-2,0,0,0,0
2019-03-13,5.527126288276008,5.554087639523992,5.509151911263036,5.518138885498047,16889800,-0.9677579741598552,-2.6143834305291547,0.6949583813841809,0.6900298454391107,-1,1,-2,1,1,0,0
2019-03-14,5.545100663961714,5.616998171996395,5.527126286953043,5.590036392211914,18598000,1.3029303576033158,0.6711420851004624,-0.08680223820187738,-0.16353956865416963,1,0,1,0,0,0,0
2019-03-15,5.697883103980279,5.7697806122821325,5.670921324095607,5.742818832397461,22230200,2.7331206716007195,-4.592591744882091,0.498490290027398,0.755081998430529,2,0,-2,0,1,0,0
2019-03-18,5.724844936370858,5.733832339935262,5.6709218006134,5.688896179199219,20221100,-0.9389579363716538,1.7080765921899888,0.37059469012648005,0.33751830372823477,-1,0,1,0,0,0,0
2019-03-19,5.733831379839002,5.760792728931718,5.6799082531106535,5.706869602203369,23996100,0.3159386713694756,3.51145057062483,-0.01305615560248663,0.12275895287467975,0,0,2,0,0,0,0
2019-03-20,5.652947425842285,5.688896183038184,5.58104991145049,5.652947425842285,23309800,-0.9448643498051079,2.5811166442818223,-0.29443536044478913,0.06499290394565982,-1,0,2,0,0,0,0
2019-03-21,5.625986099243164,5.697883613980343,5.608011292015878,5.625986099243164,31097600,-0.4769428152801902,-2.0129384330890843,1.0852481049954399,1.4230840983513016,0,1,-1,1,1,0,0
2019-03-22,5.338394638058431,5.410292139681912,5.176625259405599,5.28447151184082,95614700,-6.070306278365778,20.909753513324247,-1.8974501239482744,-2.50403165777906,-2,-1,2,-1,-2,0,0
2019-03-25,5.329407692758424,5.34738206970451,5.239535808027994,5.275484561920166,34181200,-0.17006336206973893,-0.9101918852961188,-0.0839020658475631,-0.06712160625722552,0,0,-1,0,0,0,0
2019-03-26,5.266497612705307,5.275484586949514,5.212574481611213,5.230548858642578,23046800,-0.8517834286151715,-10.104100589339193,0.7182725862306283,0.7067718164836645,-1,1,-2,1,1,0,0
2019-03-27,5.22156145585542,5.266497612705307,5.194600104579848,5.230548858642578,24587100,0.0,3.2016301334052644,-0.46443248906916645,-0.6258858664673128,0,0,2,0,-1,0,0
2019-03-28,5.140676522974318,5.15865089992887,5.086753392110662,5.113715171813965,40834100,-2.233679294201907,-4.7524708348761,0.3589481529391092,0.33741668552276227,-1,0,-2,0,0,0,0
2019-03-29,5.158651353786179,5.176626160865102,5.113715621717836,5.140676975250244,23922300,0.5272449194059226,-4.989606734592778,0.6734280017363758,0.7843078580405782,1,1,-2,1,1,0,0
2019-04-01,5.194600081274669,5.212574458225393,5.167638301577108,5.185612678527832,18024900,0.8741203443423995,-2.2611263220579714,1.1568600124275408,1.288474720882915,1,1,-1,1,1,0,0
2019-04-02,5.239536765790801,5.25751114602252,5.185613625095645,5.221562385559082,16224300,0.6932586226523929,-0.29850718650553665,0.001745570720723677,0.2526505575039639,1,0,0,0,0,0,0
2019-04-03,5.320421699290133,5.356370459808875,5.293459914629562,5.302447319030762,21194900,1.5490561540618009,2.8443123069318066,0.2148376881724312,0.5970405714976534,1,0,2,0,1,0,0
2019-04-04,5.347383055407675,5.356370459808875,5.284472938771391,5.302447319030762,17011000,0.0,-1.1644821694133722,0.20846350796801527,-0.047748663798075075,0,0,-1,0,0,0,0
2019-04-05,5.329408671561351,5.338396075956502,5.311434291314078,5.3204216957092285,9515600,0.3389826545556751,-5.596467107154646,0.4636432770241061,0.5944179580154252,0,0,-2,0,1,0,0
2019-04-08,5.338394643131736,5.356369018554688,5.302445892285832,5.356369018554688,10652700,0.6756480012561905,2.808117152271894,0.10474599539205265,0.191340655931449,1,0,2,0,0,0,0
2019-04-09,5.293458483993187,5.320420261366935,5.257509733190133,5.2664971351623535,14416600,-1.6778508553278337,8.345974220982688,-0.6067494393846573,-0.5607338596177014,-1,-1,2,-1,-1,0,0
2019-04-10,5.266497110334392,5.2934584590381215,5.248522735017602,5.257509708404541,13640900,-0.17065283673671772,-6.862742020741086,0.34778715639784963,0.6948856370196488,0,0,-2,0,1,0,0
2019-04-11,5.2664975877185976,5.30244634161077,5.248523210772512,5.275484561920166,12022900,0.34188911695001156,-2.1052611199678495,0.0038123067008344336,-0.21195205816232354,0,0,-1,0,0,0,0
2019-04-12,5.302446838291044,5.356369974180284,5.284472459661298,5.338395595550537,16105100,1.1925166852819524,-7.757297952163933,0.6609324208602496,0.46305054259310197,1,1,-2,1,0,0,0
2019-04-15,5.149663901891865,5.149663901891865,5.059792017535007,5.068778991699219,39245500,-5.05051750147627,2.5811778520777207,-0.06293691084816588,-0.10208200318502225,-2,0,2,0,0,0,0
2019-04-16,5.104728221893311,5.140676978991342,5.086753843344295,5.104728221893311,21111600,0.7092285983066882,-1.1363587103598194,0.050935800389462216,0.3036633047784676,1,0,-1,0,0,0,0
2019-04-17,5.176625727548483,5.275484586949514,5.167638324761326,5.230548858642578,26628100,2.464786199775393,3.448276402057804,-0.22738117853239315,-0.05187228809523381,1,0,2,0,0,0,0
2019-04-18,5.212575409714737,5.248524170178174,5.185613625095645,5.221562385559082,13496600,-0.17180745895619687,-4.047620741598323,0.15790922795098083,0.02476188894313669,0,0,-2,0,0,0,0
2019-04-22,5.248524170178174,5.248524170178174,5.194601029483018,5.221562385559082,11826100,0.0,2.7295278704807746,0.10120175614714011,0.21517669049018195,0,0,2,0,0,0,0
2019-04-23,5.185613176514504,5.221561933868197,5.167638797837658,5.2125749588012695,15914700,-0.17212140915271457,-1.1272169280415079,0.8841205788409079,1.3168590007610614,0,1,-1,1,1,0,0
2019-04-24,5.221561910640346,5.248523692807172,5.17662617841962,5.203587532043457,23394900,-0.1724181777499001,7.003262451565884,-0.21917631747336852,-0.2316275819548741,0,0,2,0,0,0,0
2019-04-25,4.799163822368702,4.808150797438771,4.673342743043798,4.763215065002441,72436300,-8.462862675591055,0.8371358736922963,-0.03689736527457965,0.205756480657171,-2,0,1,0,0,0,0
2019-04-26,4.799163816377152,4.898022684739452,4.790176412775312,4.817138195037842,27525200,1.1320742250669813,-3.9245317567069615,0.46852921407636305,0.3414314391296136,1,0,-2,0,0,0,0
2019-04-29,4.8171377186097,4.826124692779713,4.763214587960775,4.78118896484375,24526200,-0.7462777428956291,2.9850756331933237,0.10715221743553549,0.18965672564215108,-1,0,2,0,0,0,0
2019-04-30,4.709290555950104,4.7901754580740175,4.700303582682394,4.745239734649658,29843800,-0.7518889225761161,0.07627939850283205,0.09514170090862972,-0.8142756867904777,-1,0,0,0,-1,0,0
2019-05-01,4.772201514044089,4.799163293368348,4.691316604614258,4.691316604614258,24970500,-1.1363626086508205,12.804880486507653,-0.7502163081421376,-0.5651364446598972,-1,-1,2,-1,-1,0,0
2019-05-02,4.682330133484861,4.691317108529649,4.628406997587162,4.664355754852295,29368500,-0.5746968715657497,-2.567568307727497,-0.21239857917741967,-0.15988437953632362,-1,0,-2,0,0,0,0
2019-05-03,4.619419571008269,4.682330110180636,4.610432596008209,4.655368328094482,28702900,-0.19268313203731902,-10.748961043925497,0.9638279380647763,1.583098435808794,0,1,-2,1,1,0,0
2019-05-06,4.547522060507079,4.637393953295167,4.538535085499765,4.619419574737549,28199200,-0.7721999812557945,19.968917775266746,-0.4470988428756373,-0.4986521427915225,-1,0,2,0,0,0,0
2019-05-07,4.556509473509062,4.583470827129921,4.4756245555605085,4.529547691345215,39943400,-1.9455232835705383,25.12953510290572,-1.6511651392423388,-1.963862827381102,-1,-1,2,-1,-1,0,0
2019-05-08,4.4846120141419545,4.529548179745968,4.475625038146973,4.475625038146973,22076200,-1.190464409973524,0.41407828659276724,-0.16054253132695706,-0.25666195374799416,-1,0,0,0,0,0,0
2019-05-09,4.421700930399494,4.4666366576419465,4.403726553793924,4.448662281036377,29449800,-0.602435567787396,-1.5463878503069517,-0.30214249424966866,-0.4120440973427564,-1,0,-1,0,0,0,0
2019-05-10,4.412714002655366,4.457650163276116,4.367778270577603,4.430688381195068,22776500,-0.40402931726076785,-16.020939292289793,0.37202972597878414,0.08027337760745379,0,0,-2,0,0,0,0
2019-05-13,4.340816045125349,4.36777782445252,4.313854694341123,4.331829071044922,23964600,-2.2312404223625792,28.117194913420175,-2.413055719884427,-3.4093971139442014,-1,-1,2,-1,-2,0,0
2019-05-14,4.340816020738632,4.35879039734145,4.277905916900237,4.286892890930176,32932800,-1.0373488745230364,-12.116787657235605,0.8015944543135589,1.143847075335791,-1,1,-2,1,1,0,0
2019-05-15,4.241956735151659,4.313854670105875,4.23296976112172,4.286892890930176,21222100,0.0,-8.970094018772068,0.583897507464215,1.1333606393238105,0,1,-2,1,1,0,0
2019-05-16,4.403726106615966,4.493597980517741,4.39473870495434,4.457649230957031,75182300,3.9832191839485054,-6.995137073275714,0.8895287120600504,0.9703202225900487,2,1,-2,1,1,0,0
2019-05-17,4.448662782998234,4.511573322487666,4.430688404364537,4.439675807952881,34831200,-0.4032040672767745,4.381949496177406,-0.5837333350761975,-1.0353191174195864,0,-1,2,-1,-1,0,0
2019-05-20,4.556508993785212,4.601444721269995,4.493598461054981,4.56549596786499,42968100,2.83399431297946,2.1929788656569915,-0.6749377915387988,-1.4572137317813927,2,-1,1,-1,-1,0,0
2019-05-21,4.646380877273357,4.646380877273357,4.574483370463724,4.583470344543457,24851200,0.39370041732558203,-8.338440841258887,0.8495835590448308,1.082007552201114,0,1,-2,1,1,0,0
2019-05-22,4.6434447752175965,4.688879394433741,4.634357591393903,4.661618709564209,20785600,1.7050042685186506,-1.3377913833897748,-0.2824396230649451,-0.4480044251686466,1,0,-1,0,0,0,0
2019-05-23,4.525314430047563,4.543488366180251,4.498053309198122,4.5162272453308105,17333300,-3.1189051119753675,14.711864924026742,-1.191414994527018,-1.581248755805198,-2,-1,2,-1,-1,0,0
2019-05-24,4.652531623840332,4.6797927425854455,4.579835884921074,4.652531623840332,22388800,3.018102746057405,-6.323875236403575,0.13535590072402126,0.11444232139645738,2,0,-2,0,0,0,0
2019-05-28,4.61618366506236,4.643444783279999,4.543487927549689,4.55257511138916,19535700,-2.1484327358244792,10.410091979930126,-0.8375676922946718,-0.38836755325691863,-1,-1,2,-1,0,0,0
2019-05-29,4.4889652831873645,4.588922120185858,4.479878101050822,4.579834938049316,23746100,0.5987781858219243,2.285712105887283,-0.6911912256811314,-0.7892372283615279,1,-1,1,-1,-1,0,0
2019-05-30,4.579834846656895,4.67979168166071,4.570748098002376,4.625269889831543,24526200,0.9920652686574494,-3.351957509812453,0.20984713906617714,0.27042954498417426,1,0,-2,0,0,0,0
2019-05-31,4.5616613852414565,4.616183182678518,4.543487452762436,4.588922500610352,16180100,-0.7858436391160573,8.150288494762293,-1.319537280847849,-1.5139343058068633,-1,-1,2,-1,-1,0,0
2019-06-03,4.543488124174136,4.5798359945034655,4.507140253844805,4.534400939941406,24869000,-1.188112474370484,0.8017185099885582,-0.27652403144732274,-1.6118001702169371,-1,0,1,0,-1,0,0
2019-06-04,4.607096672849393,4.625270606274212,4.570748805999756,4.570748805999756,22725500,0.8016023845218045,-10.02121546040522,2.1432370568193138,2.646932602655805,1,1,-2,1,2,0,0
2019-06-05,4.607096433089373,4.607096433089373,4.534400269872561,4.588922500610352,15803200,0.39760869349765304,-5.185616949754901,0.8161854781411959,0.6424749775259198,0,1,-2,1,1,0,0
2019-06-06,4.570748426046113,4.588922357960183,4.54348731152465,4.561661243438721,15510600,-0.5940666282336471,-0.9944055058717649,0.6135586748687638,0.528941061451671,-1,1,-1,1,1,0,0
2019-06-07,4.58892259829635,4.63435721381072,4.579835415213034,4.616183280944824,16326000,1.195223288106395,2.3226548951449155,1.049769746289475,1.6617354782560323,1,1,1,1,1,0,0
2019-06-10,4.5889228392383306,4.60709677305845,4.507139920397409,4.525313854217529,25758100,-1.9684969421035703,-2.208586954156,0.46600444669098184,1.0471296314457534,-1,0,-1,0,1,0,0
2019-06-11,4.643444869757495,4.71614060862402,4.625270935040864,4.688879489898682,26815900,3.6144594817155484,0.3136774909103357,-0.034988023558091275,-0.007670773640899853,2,0,0,0,0,0,0
2019-06-12,4.652531864901194,4.661619049387325,4.616183993558279,4.634357929229736,12966900,-1.1627844304039403,-0.500312225460775,-0.20375791387226005,-0.3815831631516442,-1,0,-1,0,0,0,0
2019-06-13,4.63435721381072,4.63435721381072,4.579835415213034,4.616183280944824,13706800,-0.3921718728344459,-0.5656829255251683,0.40973819126681743,0.5698865960073629,0,0,-1,0,1,0,0
2019-06-14,4.525314193306335,4.5434881284882565,4.498053073883057,4.498053073883057,17647500,-2.559044991766213,-3.413400583248416,-0.1611511904139773,-0.5163845332109895,-2,0,-2,0,-1,0,0
2019-06-17,4.534401181463499,4.561662302312939,4.507140493914874,4.5162272453308105,12548800,0.40404528691042607,0.45811943535238875,0.09317492412306283,0.6202638349253053,0,0,0,0,1,0,0
2019-06-18,4.579835796306025,4.5980097306841925,4.5344007437102185,4.55257511138916,15336500,0.8048281028357973,-1.3029365340009424,0.9717399870633026,1.3876301527622426,1,1,-1,1,1,0,0
2019-06-19,4.598008869021706,4.607096051158249,4.552574258241077,4.579834938049316,12689700,0.5987781858219243,-5.412539376048963,0.2985163546397107,0.4204230124031705,1,0,-2,0,0,0,0
2019-06-20,4.661619180097619,4.716140988640766,4.64344524391657,4.697967052459717,17136700,2.5793967688432895,2.9309147140966996,0.9472185190685156,0.8015206720173085,2,1,2,1,1,0,0
2019-06-21,4.661618804474126,4.707053424615313,4.652531620465419,4.688879489898682,12868200,-0.1934360641434707,4.4067770747815205,-0.12592227925193322,-0.24380889632596991,0,0,2,0,0,0,0
2019-06-24,4.6252699821306384,4.634356730966488,4.579834938049316,4.579834938049316,19801400,-2.3255993694075827,-0.9090869682878533,-0.17318870104667816,-0.3238384572089803,-1,0,-1,0,0,0,0
2019-06-25,4.5525753084068645,4.616183864832795,4.534400939941406,4.534400939941406,23153800,-0.9920444453236477,6.684144446034601,-0.9496397343734198,-1.5111730081971642,-1,-1,2,-1,-1,0,0
2019-06-26,4.588922357960183,4.607096289874253,4.552574494132044,4.561661243438721,14289100,0.6011886434036162,-0.4299852531964188,-0.12339337557076835,0.32023964467964294,1,0,0,0,0,0,0
2019-06-27,4.552575550897004,4.561662302312939,4.479879373065434,4.5162272453308105,30968300,-0.9959967582700346,-2.4059186408098787,0.3823175554131808,0.7305912564980588,-1,0,-1,0,1,0,0
2019-06-28,4.55257511138916,4.570749045767328,4.5344007437102185,4.55257511138916,14905700,0.8048281028357973,-4.677621905139906,0.5757452627909831,0.48295217077221064,1,1,-2,1,0,0,0
2019-07-01,4.57983555606179,4.57983555606179,4.543487689212152,4.570748805999756,15230800,0.3991959312243054,-6.763922475131423,0.7672301032188189,1.0606716684617323,0,1,-2,1,1,0,0
2019-07-02,4.588922836080801,4.607096769888416,4.570748902273186,4.5980095863342285,13201400,0.5964182564285547,-8.03698492685908,0.2928125887423194,0.22159600296813853,1,0,-2,0,0,0,0
2019-07-03,4.634357689110518,4.652531623840332,4.625270938396002,4.652531623840332,7821400,1.1857747680245945,-2.784227392534999,0.7672378673070135,0.7539703949127396,1,1,-2,1,1,0,0
2019-07-05,4.625270703696032,4.625270703696032,4.561661718718998,4.5980095863342285,8113800,-1.1718789234386628,5.6483695734640404,-0.180590159841032,-0.10330114851633265,-1,0,2,0,0,0,0
2019-07-08,4.561661007076926,4.598008869021706,4.552574258241077,4.579834938049316,9045700,-0.395272083358178,5.12048432868184,-0.48354444248415174,-0.776914818275376,0,0,2,0,-1,0,0
2019-07-09,4.5525748725749375,4.588922739424574,4.525313755787334,4.570748805999756,16437900,-0.1983943127310761,0.9312329089232074,0.12365569653400854,0.5352934572537604,0,0,1,0,1,0,0
2019-07-10,4.5980095863342285,4.616183520141844,4.579835652526613,4.5980095863342285,11442100,0.5964182564285547,-7.5230689009042395,0.45106896075925995,0.7467736355124099,1,0,-2,0,1,0,0
2019-07-11,4.616183520141844,4.634357453949459,4.588922836080801,4.5980095863342285,22504100,0.0,-0.7674553326533884,0.22852267383599578,-0.07912478416589597,0,0,-1,0,0,0,0
2019-07-12,4.62527117804441,4.634357929229736,4.598010057886821,4.634357929229736,20398400,0.7905234256913918,-4.17633371313123,0.4620174547884881,0.5868640117148827,1,0,-2,0,1,0,0
2019-07-15,4.643445113715868,4.652531864901194,4.607097242372952,4.634357929229736,18689300,0.0,2.3405968831091695,0.017586919155743175,0.17043356674171228,0,0,1,0,0,0,0
2019-07-16,4.6797927425854455,4.734314546774889,4.643444873125817,4.652531623840332,19077000,0.3921512944861538,1.4195532111145992,-0.3403778522185874,-0.42855181533201225,0,0,1,0,0,0,0
2019-07-17,4.643444869757495,4.725227359331944,4.634357685748788,4.688879489898682,41825300,0.7812491992982284,8.631420217614249,-0.6531243569450895,-0.4571416627286884,1,-1,2,-1,0,0,0
2019-07-18,4.688879730938981,4.707053666589876,4.634357923986296,4.670705795288086,26896100,-0.3875914202902342,-3.149610061898722,0.3581997784064761,0.2691473223366936,0,0,-2,0,0,0,0
2019-07-19,4.688879730938981,4.725227602240771,4.661619044113041,4.670705795288086,28212400,0.0,6.79970505876657,-0.617673452276668,-0.7402000948571796,0,-1,2,-1,-1,0,0
2019-07-22,4.69796667731526,4.707053428029775,4.643444873125817,4.652531623840332,27722600,-0.3891097458137538,-6.366782618945466,0.2828694915066654,0.7076595245795847,0,0,-2,0,1,0,0
2019-07-23,4.697967052459717,4.707053803899833,4.661619180097619,4.697967052459717,14465400,0.9765743103510749,-6.79970505876657,0.6847482673755456,0.5760596992824274,1,1,-2,1,1,0,0
2019-07-24,4.725227118298859,4.743401052088441,4.661618566685704,4.707053184509277,18065500,0.193405614558384,-4.282315436599449,0.4688147952890187,0.8495480288975621,0,0,-2,0,1,0,0
2019-07-25,5.043272096996926,5.243185388003826,5.006924225904762,5.179576396942139,92429500,10.03862063823533,5.550953547921389,-0.5262401280453521,-0.9969351792044723,2,-1,2,-1,-1,0,0
2019-07-26,5.17048940614765,5.215924026256385,5.115967602036696,5.197750091552734,38025600,0.3508722184564217,-4.552589749812441,0.7387691099234761,1.1126961990881146,0,1,-2,1,1,0,0
2019-07-29,5.194079259181681,5.221609907898552,5.148195428099983,5.184902667999268,19818500,-0.2471727829767345,5.509869117609689,-0.16161146071345112,-0.44272452897873293,0,0,2,0,0,0,0
2019-07-30,5.093134033515782,5.111487651538452,5.001365505817662,5.019719123840332,40569100,-3.1858562201839025,8.651595193124617,-0.25786549148275606,-0.2377781467364226,-2,0,2,0,0,0,0
2019-07-31,5.01971959643447,5.047250244852803,4.927951497681382,4.964658737182617,17820400,-1.0968818234513233,15.638460003383692,-1.0885526112695776,-1.1867905970330939,-1,-1,2,-1,-1,0,0
2019-08-01,4.983011711186359,5.047249590781361,4.909597241697646,4.927950859069824,22983200,-0.7393837130812431,10.856078839281391,-0.8998793869673061,-0.7865015534609165,-1,-1,2,-1,-1,0,0
2019-08-02,4.955482006072998,4.973835625304998,4.891244119968595,4.955482006072998,17603800,0.5586733267135324,-1.4549536467340696,-0.7282739927037873,-1.319796667070805,1,-1,-1,-1,-1,0,0
2019-08-05,4.891243769187211,4.90959738710296,4.817829297524215,4.854536533355713,18350900,-2.037046499080719,39.63656615737607,-2.97778200029859,-3.4736051941349433,-1,-2,2,-2,-2,0,0
2019-08-06,4.918774424619064,4.937128042571254,4.882067188714687,4.909597396850586,19943200,1.1342146282461218,-17.974786697302147,1.3017017169932643,1.387903504597432,1,1,-2,1,1,0,0
2019-08-07,4.8270058780388645,4.891243315999825,4.799475234923649,4.88206672668457,26352300,-0.5607520931079968,-3.371345079839605,0.07668762331907164,0.3773655002322851,-1,0,-2,0,0,0,0
2019-08-08,4.937128386840997,4.973835625304998,4.937128386840997,4.955482006072998,13819000,1.5037745999486596,-13.237557485912877,1.8762303409984193,2.2425777534677227,1,1,-2,1,1,0,0
2019-08-09,4.955482146099714,5.001365976683853,4.918774906598478,4.964658737182617,22235300,0.18518342107534114,6.2684770875654605,-0.661660635492356,-0.9953778501233024,0,-1,2,-1,-1,0,0
2019-08-12,4.937128358143118,4.937128358143118,4.854536853286792,4.872890472412109,12434600,-1.8484304688097253,17.362275784366645,-1.2317322177972212,-1.2027678722115853,-1,-1,2,-1,-1,0,0
2019-08-13,4.827006959120591,4.94630527244593,4.817829930165274,4.891244411468506,20177900,0.37665404466420416,-16.927452200071013,1.5131688322181258,1.945081128824011,0,1,-2,1,1,0,0
2019-08-14,4.790298765741122,4.790298765741122,4.6893540835970615,4.698530673980713,25831900,-3.9399735788286705,26.141551392919695,-2.9292752911742603,-3.0240648624745403,-2,-2,2,-2,-2,0,0
2019-08-15,4.652647316217138,4.680177527729914,4.615940075810223,4.643470287322998,18896300,-1.171863939563611,-4.162896200967225,0.24642680276520945,-0.09415848686664674,-1,0,-2,0,0,0,0
2019-08-16,4.707708990129,4.744416236877441,4.680178336275221,4.744416236877441,11737100,2.173933358204816,-12.795094205730695,1.4426124657807904,1.6657196468410351,1,1,-2,1,1,0,0
2019-08-19,4.817829287739313,4.817829287739313,4.781122051982367,4.79947566986084,8695600,1.1605101709970533,-8.608555558733899,1.2105865492430645,1.352836326388962,1,1,-2,1,1,0,0
2019-08-20,4.744414962591414,4.7627685810361,4.716884316131996,4.7260613441467285,10448200,-1.5296322091000403,3.6729909363647284,-0.7914727601131322,-0.677886887265855,-1,-1,2,-1,-1,0,0
2019-08-21,4.771946453146323,4.7811234836258825,4.735239206397882,4.744416236877441,7978500,0.38837609997266487,-9.714284624372205,0.8246798595579641,0.9014199026688319,0,1,-2,1,1,0,0
2019-08-22,4.726061978908891,4.75359219148114,4.634293874359996,4.652647495269775,25989700,-1.9342472714422687,5.569620910238671,-0.05060748601761755,-0.3593400217589915,-1,0,2,0,0,0,0
2019-08-23,4.634292912299873,4.680176736256608,4.58840865075839,4.597585678100586,24543800,-1.1834512978937117,19.124703091688588,-2.5946336754618105,-2.9984785261139457,-1,-2,2,-2,-2,0,0
2019-08-26,4.606762086531035,4.615939113512013,4.570054853776583,4.588408470153809,10257400,-0.19960928603224293,-2.767997590232607,1.0982987735216332,1.315444273847488,0,1,-2,1,1,0,0
2019-08-27,4.597586449756018,4.606763041053657,4.505817911270689,4.533348560333252,19466000,-1.1999783841980194,5.124222498737319,-0.3203180635808267,-0.3411118557912429,-1,0,2,0,0,0,0
2019-08-28,4.469111282095059,4.524172150165351,4.459934689542451,4.487464904785156,17065200,-1.0121360609589347,-4.7267312147519664,0.6545480165679685,0.3823927168710606,-1,1,-2,1,0,0,0
2019-08-29,4.496641477291796,4.542525310554922,4.496641477291796,4.514995098114014,11566500,0.6134910002193239,-7.596905383582586,1.2687291793508804,1.4829074090991767,1,1,-2,1,1,0,0
2019-08-30,4.5608781357331685,4.570055163335766,4.533347928094898,4.551701545715332,9925300,0.8129897553299958,6.152127701904009,0.06427872591217021,-0.1318166266297216,1,0,2,0,0,0,0
2019-09-03,4.487464108324192,4.514994756265482,4.441580278535117,4.469110488891602,19577600,-1.81450949703581,3.5827203455014445,-0.689910050906084,-1.1141663301238225,-1,-1,2,-1,-1,0,-1
2019-09-04,4.5058183670043945,4.524171989040843,4.496641774778603,4.5058183670043945,9914900,0.8213687758231503,-11.851474780213477,1.0842079212828093,1.3045166027130906,1,1,-2,1,1,0,-1
2019-09-05,4.570055782508053,4.58840940261512,4.542525133555041,4.560878753662109,14572300,1.22198415854744,-6.116557822325142,1.300981364226672,1.754447821309757,1,1,-2,1,1,0,-1
2019-09-06,4.597585678100586,4.634292912299873,4.570055033658746,4.597585678100586,11933600,0.8048213167035634,-7.805780098535009,0.09106051537297599,-0.16952743588083408,1,0,-2,0,0,0,-1
2019-09-09,4.61593991462104,4.61593991462104,4.579232237911139,4.606762886047363,11863700,0.19960928603224293,1.8000030517578036,-0.009401025965849463,-0.19288841329967443,0,0,1,0,0,0,-1
2019-09-10,4.6159402344709495,4.698531309432948,4.588409584427059,4.680177688598633,18800600,1.593631023937081,-0.45841942632650623,0.03223043548219451,-0.04055405888652164,1,0,0,0,0,0,-1
2019-09-11,4.652647476139579,4.698531309432948,4.634293855305264,4.680177688598633,15379500,0.0,-3.8815799999435296,0.7229681189480308,1.0578714161808556,0,1,-2,1,1,0,-1
2019-09-12,4.716884308887965,4.817829428971098,4.707707718472106,4.808652400970459,18786400,2.745081937482907,-2.669400402553701,0.2879153101061016,0.30343355245090464,2,0,-2,0,0,0,-1
2019-09-13,4.799476283669485,4.799476283669485,4.735238394087013,4.753592014312744,8965000,-1.1450273811973388,-3.3755308501899117,-0.07244143620946941,-0.21672867455269085,-1,0,-2,0,0,0,-1
2019-09-16,4.680177055628631,4.716884292332795,4.661823437276549,4.698530673980713,13017600,-1.1583101824103825,6.768561285791774,-0.31355866640028207,-0.2833648495016883,-1,0,2,0,0,0,-1
2019-09-17,4.643469842353253,4.744414962591414,4.6342932519233,4.7260613441467285,18041100,0.5859421184259528,-1.5678288664927487,0.25817523700197853,0.39835433827690725,1,0,-1,0,0,0,-1
2019-09-18,4.707708022029535,4.74441526122945,4.698530993437152,4.716884613037109,11701100,-0.19417291569828743,-3.3933503141082344,0.03426919897555614,-0.10542220507535616,0,0,-2,0,0,0,-1
2019-09-19,4.790298789910738,4.817829436370156,4.7260613441467285,4.7260613441467285,14181100,0.19455068042697476,0.7168486224875092,0.001997472142156731,0.06713322957527801,0,0,1,0,0,0,-1
2019-09-20,4.817829297524215,4.891243769187211,4.817829297524215,4.854536533355713,23969500,2.718440998826699,9.039142255149901,-0.48955765157830955,-0.7969072242459352,2,0,2,0,-1,0,-1
2019-09-23,4.735238394087013,4.753592014312744,4.71688477386128,4.753592014312744,17469800,-2.0793852996959683,-2.6762392661837,-0.009693591923765066,-0.064180497453592,-1,0,-2,0,0,0,-1
2019-09-24,4.726061959476838,4.735238551101577,4.671001096973894,4.680177688598633,25975000,-1.5443968580615586,14.35277942018136,-0.8416371322106486,-1.464784771785399,-1,-1,2,-1,-1,0,-1
2019-09-25,4.634293874359996,4.661824086932245,4.597586632540438,4.652647495269775,15817000,-0.5882296605089099,-6.39295746444557,0.6158571742003405,1.0477092538406785,-1,1,-2,1,1,0,-1
2019-09-26,4.634293511888907,4.634293511888907,4.560878596407097,4.579232215881348,15995500,-1.5779248151308933,0.689220904851684,-0.2428916406865711,-0.5784019971861509,-1,0,1,0,-1,0,-1
2019-09-27,4.634292898744797,4.671000132836717,4.579231610022169,4.625115871429443,20225400,1.0019945131623853,7.15618942357954,-0.5316352490240539,-1.133534126290403,1,-1,2,-1,-1,0,-1
2019-09-30,4.643470287322998,4.689354556624053,4.615940075810223,4.643470287322998,16059600,0.39684229333440957,-5.69105447917363,0.5047606675254723,0.7520496776147967,0,1,-2,1,1,0,-1
2019-10-01,4.643470751070193,4.643470751070193,4.469111122931497,4.5058183670043945,54146600,-2.9644191047028534,14.285712607891753,-1.2258373372913245,-1.133339372243125,-2,-1,2,-1,-1,0,0
2019-10-02,4.469110183156477,4.469110183156477,4.404872738329341,4.423226356506348,31285500,-1.8330079859157022,10.77586237903725,-1.7903202985502964,-1.5606924674894551,-1,-1,2,-1,-1,0,0
2019-10-03,4.414048699752841,4.469109546439303,4.358987853066378,4.441579341888428,23269900,0.4149230426583106,-7.003884553082507,0.797191259701524,1.1176232699656508,0,1,-2,1,1,0,0
2019-10-04,4.469111282095059,4.487464904785156,4.441581066852354,4.487464904785156,13606800,1.0330911453946712,-10.878660211342595,1.4216897585460186,1.3999849153859767,1,1,-2,1,1,0,0
2019-10-07,4.496641774778603,4.5517026408879495,4.487464744967945,4.5058183670043945,13957200,0.40899400014622334,4.812204523281527,-0.4478294673592398,-0.3279708545929405,0,0,2,0,0,0,0
2019-10-08,4.542524989073475,4.55170201762753,4.478287539534313,4.496641159057617,14806700,-0.20367460912275037,13.549831990998506,-1.5560819201407838,-1.6654779206850545,0,-1,2,-1,-1,0,0
2019-10-09,4.5333490188515,4.5333490188515,4.487464744967945,4.5058183670043945,19134400,0.20409028922157013,-8.08679113150632,0.9104492549941501,1.0220181474235313,0,1,-2,1,1,0,0
2019-10-10,4.551702180513353,4.570055800693455,4.496641319973049,4.533348560333252,26240000,0.6109920792737311,-5.740341898393164,0.6415695380997066,0.5951555768073602,1,1,-2,1,1,0,0
2019-10-11,4.689354392871229,4.698530983860098,4.588409266484817,4.606762886047363,30404800,1.6194282159657014,-11.326122969167606,1.0938977513132997,1.3364758775564756,1,1,-2,1,1,0,0
2019-10-14,4.5975865912627,4.615940212007698,4.542525291442871,4.542525291442871,26564100,-1.394419382839318,-6.48267159067858,-0.13871187334510982,-0.10413423140598344,-1,0,-2,0,0,0,0
2019-10-15,4.579231623416194,4.634292912299873,4.570055033658746,4.597585678100586,17325600,1.212109633411096,-7.0693188369597815,0.9955676641137279,1.2431905947929645,1,1,-2,1,1,0,0
2019-10-16,4.661823452653156,4.680177071065775,4.625116215827917,4.671000480651856,17209400,1.5968120594459512,1.033975950643895,-0.19995427986508885,-0.30102660757148625,1,0,1,0,0,0,0
2019-10-17,4.845359933349407,4.845359933349407,4.7260611983469465,4.79947566986084,36374800,2.75048546325678,0.8040910396444056,0.27628315736780706,0.40213192184475055,2,0,1,0,0,0,0
2019-10-18,4.799476604339571,4.808653196273146,4.744415739983563,4.771945953369141,34741600,-0.5735984175225028,3.3357508297277683,-0.39193449495069643,-0.825196709365672,-1,0,2,0,-1,0,0
2019-10-21,4.817830225791573,4.836183847243575,4.7535923319171385,4.771945953369141,18421900,0.0,-1.7543859649122862,0.6871616056117524,0.9079650382818549,0,1,-1,1,1,0,0
2019-10-22,4.799476283669485,4.80865287498994,4.753592014312744,4.753592014312744,18207300,-0.38462168758298665,3.285714558192665,-0.3568666378412577,-0.7189819906968653,0,0,2,0,-1,0,0
2019-10-23,4.799476137713757,4.808652728755145,4.680177391082055,4.689354419708252,34964500,-1.3513485046902862,-3.1120318677592684,0.28471487971184484,0.19113599876994236,-1,0,-2,0,0,0,0
2019-10-24,3.6890809412522736,3.753318826920337,3.5147213409402136,3.5789592266082764,251150000,-23.679063122916155,-2.141328949562815,0.192044635873323,0.8129491687277834,-2,0,-1,0,1,0,0
2019-10-25,3.514721308545375,3.533074927483544,3.441306832792697,3.468837261199951,83786700,-3.0769270739271937,-7.731585825436415,0.4072700506109195,0.7002408300674112,-2,0,-2,0,1,0,0
2019-10-28,3.377068961775636,3.395422579601125,3.2853006538558103,3.2944774627685547,82241700,-5.026462336001359,3.636364047577878,0.5581337868471481,1.0053246344756017,-2,1,2,1,1,0,0
2019-10-29,3.2394169187512816,3.322008206855867,3.2118864893830863,3.257770538330078,59696400,-1.114195645692151,0.6865000377177743,-0.08324053147991117,-0.5902075743148938,-1,0,1,0,-1,0,0
2019-10-30,3.2761241071308795,3.349538803100586,3.2669472974837164,3.349538803100586,53804500,2.8169038822957626,-6.5909083191684985,0.325337015914573,0.32779210273761183,2,0,-2,0,0,0,0
2019-10-31,3.3678924223949123,3.377069232042076,3.33118518380626,3.349538803100586,34401300,0.0,7.218169901295868,-0.3022860563304697,-0.13993430296747045,0,0,2,0,0,0,0
2019-11-01,3.3403621524607914,3.395423012964769,3.3311853423767954,3.358715772628784,29752400,0.27397710752605775,-6.959153235332838,0.9662312168146059,1.1340563491645694,0,1,-2,1,1,0,0
2019-11-04,3.322008211627531,3.3495388598276743,3.3036545920223714,3.312831401824951,24436200,-1.3661284225881531,4.308940851646659,0.3704089049704651,0.5580440058623459,-1,0,2,0,1,0,0
2019-11-05,3.248594045639038,3.2761244776945047,3.221063613583571,3.248594045639038,38602300,-1.9390469478925643,2.1044462928233587,-0.1185699214361291,0.017543662586394504,-1,0,1,0,0,0,0
2019-11-06,3.2944774627685547,3.3403617261246588,3.248593418204833,3.2944774627685547,41319900,1.412408459933956,-3.6641258162833146,0.07024972279667807,-0.28513002957469835,1,0,-2,0,0,0,0
2019-11-07,3.28530104898435,3.3128314790337123,3.2485938089185327,3.2761242389678955,25687000,-0.5570905859296982,0.8716296170740545,0.27300951851503275,0.28404113330822156,-1,0,1,0,0,0,0
2019-11-08,3.266947428951441,3.28530104898435,3.2302401888856243,3.2761242389678955,20833100,0.0,-5.184602287080398,0.25606760900243053,0.48360833016478644,0,0,-2,0,0,0,0
2019-11-11,3.2118868817976733,3.2761245581717464,3.2118868817976733,3.239417314529419,39835800,-1.1204374975120168,5.136701750083272,-0.19624672514313435,-0.13013444268317187,-1,0,2,0,0,0,0
2019-11-12,3.2210628986358643,3.2394165159324038,3.202709281339325,3.2210628986358643,25814900,-0.5665962150424919,-0.07879649754265472,0.15646460846321375,0.25766597522700607,-1,0,0,0,0,0,0
2019-11-13,3.1935327837394736,3.2118864028236453,3.166002355113216,3.184355974197388,23864400,-1.139590426937076,2.5236568385065494,0.07115345908383919,-0.04702088297990903,-1,0,2,0,0,0,0
2019-11-14,3.1017644987820123,3.120118116744667,3.0558802350829914,3.092587471008301,37154300,-2.881854413661067,0.3846168518066406,0.08370427393644686,-0.036312685146910884,-2,0,0,0,0,0,0
2019-11-15,3.1109411834532046,3.1843556523702534,3.1017643748385733,3.166002035140991,28503600,2.373888041031047,-7.662835137044455,0.7695488006902673,0.7289822443172111,1,1,-2,1,1,0,0
2019-11-18,3.15682522652636,3.202709269599516,3.15682522652636,3.166002035140991,29076000,0.0,3.4024883064097677,0.05031528617669423,0.10666822169702606,0,0,2,0,0,0,0
2019-11-19,3.1843555679890043,3.1843555679890043,3.129294717760258,3.147648334503174,30007300,-0.5797122185677961,3.2102698018110276,-0.05925944462060739,0.24233767162349373,-1,0,2,0,0,0,0
2019-11-20,3.1017648964738416,3.1201185167897,3.0742342472076416,3.0742342472076416,18567600,-2.3323471841119714,-0.6220834046796964,-0.3756184245747196,-0.5125589709442102,-1,0,-1,0,-1,0,0
2019-11-21,3.1109412493455024,3.120118058154506,3.083410604126112,3.101764440536499,20464700,0.8955138455653877,2.738657189223237,-0.15827522106851566,-0.24066091789468613,1,0,2,0,0,0,0
2019-11-22,3.1201179093888007,3.175178759617547,3.1201179093888007,3.147648334503174,16676800,1.4792836414985189,-6.016755178731126,0.21749356911917594,0.16070520170294866,1,0,-2,0,0,0,0
2019-11-25,3.2027095932815595,3.2210632123657312,3.15682554557113,3.184355974197388,20527900,1.166192528302501,-3.80875414276427,0.7507291353015866,1.3217363755288813,1,1,-2,1,1,0,0
2019-11-26,3.175178759617547,3.175178759617547,3.129294717760258,3.147648334503174,20520800,-1.1527492526480665,-2.7801173284553227,0.21955703874654287,0.1788528304789594,-1,0,-2,0,0,0,0
2019-11-27,3.147648813781461,3.193532862625307,3.129295194243923,3.175179243087769,16378100,0.8746500771008359,1.8197577022630362,0.4174424362754614,0.6620081576605763,1,0,1,0,1,0,0
2019-11-29,3.193532786842817,3.221063215495828,3.1843559772918133,3.211886405944824,7059900,1.1560658484703001,7.404254345183681,-0.4011219709926239,-0.4561647474608743,1,0,2,0,0,0,0
2019-12-02,3.2394169114691524,3.248593721237922,3.147648813781461,3.175179243087769,23665200,-1.1428537070649392,18.14580017923335,-0.8631020716408422,-1.1249187322032173,-1,-1,2,-1,-1,-2,-2
2019-12-03,3.2118864028236453,3.2210632123657312,3.15682554557113,3.184355974197388,24837600,0.28901458491190635,7.042254872437903,-0.663809511563529,-0.5526451903216212,0,-1,2,-1,-1,-2,-2
2019-12-04,3.202709269599516,3.23941650405804,3.147648417911729,3.166002035140991,33256000,-0.5763783699158531,-7.268169452628593,0.632356747139462,0.5402208676427378,-1,1,-2,1,1,-2,-2
2019-12-05,3.166002513720138,3.221063373731033,3.156825703718323,3.193532943725586,17146000,0.8695796237341513,-1.89189006326147,0.15002511791302187,0.047045975557069575,1,0,-1,0,0,-2,-2
2019-12-06,3.193532943725586,3.221063373731033,3.166002513720138,3.193532943725586,15831700,0.0,-6.198350852829138,0.9135724328457329,1.001436010700063,0,1,-2,1,1,-2,-2
2019-12-09,3.147648651106633,3.166002269695631,3.1292950325176347,3.138471841812134,15634900,-1.7241438520818164,16.446400807192198,-0.316282139344648,-0.40085570334083,-1,0,2,0,0,-2,-2
2019-12-10,3.147648651106633,3.166002269695631,3.1292950325176347,3.138471841812134,17615100,0.0,-1.134926578801554,-0.10969340964486207,-0.06553586157230784,0,0,-1,0,0,-2,-2
2019-12-11,3.166002355113216,3.184355974197388,3.15682554557113,3.184355974197388,11935300,1.4619896146259803,-4.400513524415284,0.2908158040315856,0.4395232987357556,1,0,-2,0,0,-2,-2
2019-12-12,3.211886568852716,3.28530104898435,3.211886568852716,3.2761242389678955,23165000,2.881846926477416,-7.004671159221365,0.8575225775086182,0.731108662885549,2,1,-2,1,1,-2,-2
2019-12-13,3.285301207761005,3.3220084496008613,3.2302403450012207,3.2302403450012207,20458200,-1.400554149348443,-9.397413955347922,0.007258178414493166,0.20143312030556082,-1,0,-2,0,0,-2,-2
2019-12-16,3.2853006538558103,3.303654271681299,3.266947036030322,3.2944774627685547,13082000,1.988617282510896,-3.879649775758176,0.7147785279833618,0.9084336247558111,1,1,-2,1,1,-2,-2
2019-12-17,3.3311853195712544,3.3311853195712544,3.303654670715332,3.303654670715332,17659100,0.2785633852558034,1.2355816662952268,0.033529222633799094,0.10358116735056377,0,0,1,0,0,-2,-2
2019-12-18,3.312831480736503,3.3220082907576742,3.28530105067299,3.303654670715332,16100900,0.0,2.3596416822877053,-0.043230017186479675,0.04963962297792612,0,0,1,0,0,-2,-2
2019-12-19,3.3128310805940435,3.331184917211915,3.2761238449430663,3.2944774627685547,16346200,-0.2777895652389839,-0.635929445081318,0.4459292004863613,0.6737793660475999,0,0,-1,0,1,-2,-2
2019-12-20,3.3036545920223714,3.312831401824951,3.276124162614632,3.312831401824951,21917300,0.55711229667883,0.08000183105467684,0.4944781081796634,0.42465737920489577,1,0,0,0,0,-2,-2
2019-12-23,3.312831423609785,3.340362071990967,3.2944778038839337,3.340362071990967,16354800,0.8310314298170862,0.7993559229882541,0.08661436002121992,0.23182658273042112,1,0,1,0,0,-2,-2
2019-12-24,3.322008074247297,3.340361911885845,3.3128312648242204,3.331185102462769,6768300,-0.27472978468852105,0.4758161875518141,-0.019544819997963092,0.08081572464619935,0,0,0,0,0,-2,-2
2019-12-26,3.331185161312165,3.3403619708973613,3.3220081329345703,3.3220081329345703,9053900,-0.27548662850990224,-0.1578568085496168,0.5128166675301138,0.7763956015811591,0,1,0,1,1,-2,-2
2019-12-27,3.3128312648242204,3.331185102462769,3.3128312648242204,3.331185102462769,9342100,0.2762476538578529,6.166013519106572,0.003398471712534601,-0.1747822014396272,0,0,2,0,0,-2,-2
2019-12-30,3.349538964024025,3.413776634640368,3.331185343847927,3.3862462043762207,27043500,1.6528982995494435,10.349957990043723,-0.5780822450430323,-0.6731702017363728,1,-1,2,-1,-1,-2,-2
2019-12-31,3.3954228569331693,3.4229532859200384,3.38624604727088,3.404599666595459,14346300,0.5420002300930982,-7.017543746753518,0.2946021661910603,0.29744471324988364,1,0,-2,0,0,-2,-2
